ID_Pesanan,Tanggal_Pemesanan,ID_Produk,Nama_Produk,Kategori,Bahan_Material,Warna_Finishing,Merek_Siri,Berat_Gram,Dimensi_Cm,Stok,Harga_Rupiah,Quantity
ORD-50001,2021-01-06,HW-003,Engsel Jahit,Engsel,Besi,Coklat Gelap,Maison Le Forge,104.7,13.5,141,32000,7
ORD-50003,2021-01-07,HW-006,Handle Arsip Kuningan,Pemegang & Tombol,Kuningan (Brass),Perak Saten,Atmobrass Jaya,157.2,11.4,58,36000,7
ORD-50004,2021-01-07,HW-012,Roda Troli Alumunium,Roda & Kaki Perabot,Aluminium,Hitam Matte,Atmobrass Jaya,222.6,13.3,50,34000,8
ORD-50005,2021-01-07,HW-001,Accecoris Katak,Aksesori & Plat,Kuningan (Brass),Perak Berkilat (Chrome),Atmobrass Jaya,94.8,8.6,22,28000,8
ORD-50006,2021-01-14,HW-012,Roda Troli Alumunium,Roda & Kaki Perabot,Aluminium,Coklat Gelap,Atmobrass Jaya,250.9,11.6,75,34000,3
ORD-50007,2021-01-18,HW-012,Roda Troli Alumunium,Roda & Kaki Perabot,Aluminium,Perak Berkilat (Chrome),Atmobrass Jaya,441.4,9.1,189,34000,6
ORD-50009,2021-01-19,HW-002,Bintang,Aksesori & Plat,Kuningan (Brass),Emas Berkilat,Heritage Series,104.9,9.6,60,25000,8
ORD-50009,2021-01-19,HW-009,Handle Peti,Pemegang & Tombol,Kuningan (Brass),Emas Berkilat,Atmobrass Jaya,212.7,10.2,47,90000,6
ORD-50012,2021-01-22,HW-005,Engsel Tombak,Engsel,Gangsa Antik,Perak Berkilat (Chrome),Atmobrass Jaya,198.7,15.0,166,47000,10
ORD-50012,2021-01-22,HW-003,Engsel Jahit,Engsel,Besi,Hitam Matte,Atmobrass Jaya,125.5,7.3,159,32000,6
ORD-50013,2021-01-22,HW-008,Handle Laci,Pemegang & Tombol,Kuningan (Brass),Emas Berkilat,Atmobrass Jaya,265.6,13.9,11,57000,1
ORD-50014,2021-01-22,HW-001,Accecoris Katak,Aksesori & Plat,Kuningan (Brass),Emas Matte,Heritage Series,77.1,4.2,187,28000,10
ORD-50015,2021-01-24,HW-004,Engsel Kepala Antiq,Engsel,Gangsa Antik,Hitam Matte,Atmobrass Jaya,127.7,15.0,166,47000,4
ORD-50016,2021-01-24,HW-006,Handle Arsip Kuningan,Pemegang & Tombol,Kuningan (Brass),Perak Berkilat (Chrome),Atmobrass Jaya,168.3,8.9,52,36000,9
ORD-50016,2021-01-24,HW-004,Engsel Kepala Antiq,Engsel,Gangsa Antik,Emas Matte,Atmobrass Jaya,285.1,8.8,182,47000,5
ORD-50016,2021-01-24,HW-002,Bintang,Aksesori & Plat,Kuningan (Brass),Perak Saten,Heritage Series,102.1,5.9,79,25000,3
ORD-50017,2021-01-26,HW-011,Kotak Kuningan,Aksesori & Plat,Kuningan (Brass),Emas Berkilat,Atmobrass Jaya,22.9,5.1,140,48000,3
ORD-50022,2021-01-30,HW-008,Handle Laci,Pemegang & Tombol,Kuningan (Brass),Coklat Gelap,Atmobrass Jaya,136.2,13.5,44,57000,10
ORD-50022,2021-01-30,HW-005,Engsel Tombak,Engsel,Gangsa Antik,Perak Saten,Atmobrass Jaya,171.9,10.3,130,47000,9
ORD-50023,2021-02-03,HW-013,Roda Troli Kuningan,Roda & Kaki Perabot,Kuningan (Brass),Emas Matte,Atmobrass Jaya,381.1,11.8,99,97000,5
ORD-50024,2021-02-03,HW-009,Handle Peti,Pemegang & Tombol,Kuningan (Brass),Coklat Gelap,Atmobrass Jaya,178.5,9.2,137,90000,7
ORD-50024,2021-02-03,HW-004,Engsel Kepala Antiq,Engsel,Gangsa Antik,Coklat Gelap,Atmobrass Jaya,250.7,12.6,89,47000,8
ORD-50025,2021-02-04,HW-008,Handle Laci,Pemegang & Tombol,Kuningan (Brass),Emas Berkilat,Atmobrass Jaya,198.4,12.1,115,57000,4
ORD-50025,2021-02-04,HW-009,Handle Peti,Pemegang & Tombol,Kuningan (Brass),Perak Saten,Modern Hardware,121.1,12.7,188,90000,1
ORD-50027,2021-02-05,HW-001,Accecoris Katak,Aksesori & Plat,Kuningan (Brass),Emas Matte,Atmobrass Jaya,70.2,8.6,81,28000,2
ORD-50027,2021-02-05,HW-005,Engsel Tombak,Engsel,Gangsa Antik,Hitam Matte,Atmobrass Jaya,185.4,14.7,128,47000,6
ORD-50028,2021-02-06,HW-006,Handle Arsip Kuningan,Pemegang & Tombol,Kuningan (Brass),Perak Saten,Modern Hardware,187.7,9.9,142,36000,6
ORD-50028,2021-02-06,HW-008,Handle Laci,Pemegang & Tombol,Kuningan (Brass),Perak Saten,Heritage Series,239.7,13.4,64,57000,10
ORD-50031,2021-02-11,HW-013,Roda Troli Kuningan,Roda & Kaki Perabot,Kuningan (Brass),Perak Saten,Atmobrass Jaya,330.2,9.0,182,97000,10
ORD-50032,2021-02-12,HW-013,Roda Troli Kuningan,Roda & Kaki Perabot,Kuningan (Brass),Perak Saten,Atmobrass Jaya,308.6,12.2,111,97000,10
ORD-50033,2021-02-13,HW-010,Hanger Kapstok,Aksesori & Plat,Besi,Perak Saten,Atmobrass Jaya,112.4,5.0,162,19000,8
ORD-50034,2021-02-15,HW-005,Engsel Tombak,Engsel,Gangsa Antik,Perak Berkilat (Chrome),Atmobrass Jaya,84.1,13.2,140,47000,8
ORD-50034,2021-02-15,HW-013,Roda Troli Kuningan,Roda & Kaki Perabot,Kuningan (Brass),Coklat Gelap,Maison Le Forge,269.2,8.2,88,97000,9
ORD-50034,2021-02-15,HW-011,Kotak Kuningan,Aksesori & Plat,Kuningan (Brass),Hitam Matte,Atmobrass Jaya,39.6,4.0,43,48000,5
ORD-50035,2021-02-18,HW-001,Accecoris Katak,Aksesori & Plat,Kuningan (Brass),Coklat Gelap,Atmobrass Jaya,109.4,4.1,152,28000,5
ORD-50037,2021-02-19,HW-003,Engsel Jahit,Engsel,Besi,Emas Matte,Atmobrass Jaya,88.5,9.0,96,32000,9
ORD-50039,2021-02-21,HW-007,Handle Kuningan,Pemegang & Tombol,Kuningan (Brass),Emas Matte,Atmobrass Jaya,260.8,12.8,133,210000,7
ORD-50040,2021-02-23,HW-013,Roda Troli Kuningan,Roda & Kaki Perabot,Kuningan (Brass),Emas Matte,Atmobrass Jaya,351.8,12.5,84,97000,8
ORD-50041,2021-02-23,HW-002,Bintang,Aksesori & Plat,Kuningan (Brass),Emas Matte,Atmobrass Jaya,53.6,6.9,49,25000,8
ORD-50041,2021-02-23,HW-002,Bintang,Aksesori & Plat,Kuningan (Brass),Perak Berkilat (Chrome),Maison Le Forge,98.1,9.4,91,25000,3
ORD-50042,2021-02-24,HW-009,Handle Peti,Pemegang & Tombol,Kuningan (Brass),Emas Berkilat,Heritage Series,168.0,13.9,117,90000,1
ORD-50043,2021-02-26,HW-005,Engsel Tombak,Engsel,Gangsa Antik,Hitam Matte,Atmobrass Jaya,110.5,9.6,38,47000,8
ORD-50045,2021-02-27,HW-007,Handle Kuningan,Pemegang & Tombol,Kuningan (Brass),Perak Saten,Atmobrass Jaya,291.9,11.9,113,210000,10
ORD-50047,2021-03-01,HW-007,Handle Kuningan,Pemegang & Tombol,Kuningan (Brass),Perak Berkilat (Chrome),Heritage Series,181.4,12.2,26,210000,9
ORD-50048,2021-03-02,HW-009,Handle Peti,Pemegang & Tombol,Kuningan (Brass),Perak Berkilat (Chrome),Atmobrass Jaya,277.9,9.0,114,90000,2
ORD-50048,2021-03-02,HW-010,Hanger Kapstok,Aksesori & Plat,Besi,Perak Berkilat (Chrome),Atmobrass Jaya,34.6,9.2,184,19000,8
ORD-50049,2021-03-02,HW-009,Handle Peti,Pemegang & Tombol,Kuningan (Brass),Hitam Matte,Atmobrass Jaya,132.2,9.4,116,90000,7
ORD-50050,2021-03-03,HW-008,Handle Laci,Pemegang & Tombol,Kuningan (Brass),Perak Saten,Atmobrass Jaya,164.9,13.1,42,57000,8
ORD-50050,2021-03-03,HW-009,Handle Peti,Pemegang & Tombol,Kuningan (Brass),Emas Matte,Atmobrass Jaya,225.9,9.1,196,90000,5
ORD-50051,2021-03-03,HW-012,Roda Troli Alumunium,Roda & Kaki Perabot,Aluminium,Emas Berkilat,Atmobrass Jaya,396.2,10.2,97,34000,6
ORD-50052,2021-03-03,HW-008,Handle Laci,Pemegang & Tombol,Kuningan (Brass),Coklat Gelap,Atmobrass Jaya,181.7,9.9,145,57000,3
ORD-50053,2021-03-04,HW-004,Engsel Kepala Antiq,Engsel,Gangsa Antik,Perak Berkilat (Chrome),Atmobrass Jaya,202.9,10.5,53,47000,3
ORD-50054,2021-03-04,HW-007,Handle Kuningan,Pemegang & Tombol,Kuningan (Brass),Emas Matte,Atmobrass Jaya,153.2,9.8,85,210000,3
ORD-50055,2021-03-05,HW-013,Roda Troli Kuningan,Roda & Kaki Perabot,Kuningan (Brass),Emas Berkilat,Heritage Series,361.4,8.7,51,97000,5
ORD-50056,2021-03-05,HW-011,Kotak Kuningan,Aksesori & Plat,Kuningan (Brass),Coklat Gelap,Atmobrass Jaya,46.1,7.1,78,48000,7
ORD-50057,2021-03-07,HW-003,Engsel Jahit,Engsel,Besi,Emas Berkilat,Atmobrass Jaya,159.0,12.5,174,32000,10
ORD-50057,2021-03-07,HW-002,Bintang,Aksesori & Plat,Kuningan (Brass),Emas Berkilat,Heritage Series,122.6,6.1,35,25000,10
ORD-50058,2021-03-08,HW-007,Handle Kuningan,Pemegang & Tombol,Kuningan (Brass),Perak Berkilat (Chrome),Atmobrass Jaya,153.6,12.6,155,210000,7
ORD-50059,2021-03-09,HW-007,Handle Kuningan,Pemegang & Tombol,Kuningan (Brass),Perak Berkilat (Chrome),Atmobrass Jaya,227.4,8.0,106,210000,1
ORD-50061,2021-03-13,HW-009,Handle Peti,Pemegang & Tombol,Kuningan (Brass),Perak Saten,Atmobrass Jaya,194.3,10.2,32,90000,7
ORD-50064,2021-03-18,HW-004,Engsel Kepala Antiq,Engsel,Gangsa Antik,Perak Saten,Atmobrass Jaya,289.8,7.0,168,47000,2
ORD-50064,2021-03-18,HW-010,Hanger Kapstok,Aksesori & Plat,Besi,Hitam Matte,Modern Hardware,79.4,7.2,133,19000,10
ORD-50065,2021-03-19,HW-005,Engsel Tombak,Engsel,Gangsa Antik,Emas Berkilat,Atmobrass Jaya,268.8,8.2,52,47000,4
ORD-50066,2021-03-19,HW-006,Handle Arsip Kuningan,Pemegang & Tombol,Kuningan (Brass),Perak Saten,Maison Le Forge,117.9,11.3,196,36000,7
ORD-50066,2021-03-19,HW-013,Roda Troli Kuningan,Roda & Kaki Perabot,Kuningan (Brass),Perak Berkilat (Chrome),Atmobrass Jaya,334.2,9.6,28,97000,10
ORD-50066,2021-03-19,HW-007,Handle Kuningan,Pemegang & Tombol,Kuningan (Brass),Emas Berkilat,Heritage Series,176.9,11.1,33,210000,9
ORD-50067,2021-03-20,HW-003,Engsel Jahit,Engsel,Besi,Emas Berkilat,Atmobrass Jaya,180.6,8.5,23,32000,1
ORD-50069,2021-03-23,HW-005,Engsel Tombak,Engsel,Gangsa Antik,Emas Matte,Maison Le Forge,214.3,7.6,97,47000,9
ORD-50069,2021-03-23,HW-012,Roda Troli Alumunium,Roda & Kaki Perabot,Aluminium,Hitam Matte,Atmobrass Jaya,375.8,11.3,61,34000,3
ORD-50070,2021-03-25,HW-007,Handle Kuningan,Pemegang & Tombol,Kuningan (Brass),Hitam Matte,Atmobrass Jaya,265.9,14.0,73,210000,6
ORD-50070,2021-03-25,HW-007,Handle Kuningan,Pemegang & Tombol,Kuningan (Brass),Perak Berkilat (Chrome),Atmobrass Jaya,242.7,8.4,120,210000,7
ORD-50072,2021-03-28,HW-010,Hanger Kapstok,Aksesori & Plat,Besi,Emas Berkilat,Atmobrass Jaya,44.4,6.2,21,19000,5
ORD-50073,2021-03-29,HW-003,Engsel Jahit,Engsel,Besi,Emas Berkilat,Atmobrass Jaya,184.5,10.0,200,32000,3
ORD-50074,2021-03-31,HW-003,Engsel Jahit,Engsel,Besi,Emas Berkilat,Atmobrass Jaya,89.3,7.8,78,32000,10
ORD-50076,2021-04-01,HW-009,Handle Peti,Pemegang & Tombol,Kuningan (Brass),Perak Berkilat (Chrome),Atmobrass Jaya,118.5,7.6,58,90000,9
ORD-50076,2021-04-01,HW-006,Handle Arsip Kuningan,Pemegang & Tombol,Kuningan (Brass),Emas Matte,Heritage Series,189.8,14.7,161,36000,4
ORD-50078,2021-04-02,HW-004,Engsel Kepala Antiq,Engsel,Gangsa Antik,Hitam Matte,Atmobrass Jaya,239.1,10.2,73,47000,10
ORD-50079,2021-04-02,HW-007,Handle Kuningan,Pemegang & Tombol,Kuningan (Brass),Hitam Matte,Maison Le Forge,185.8,10.0,71,210000,7
ORD-50080,2021-04-03,HW-013,Roda Troli Kuningan,Roda & Kaki Perabot,Kuningan (Brass),Perak Saten,Atmobrass Jaya,298.3,10.0,14,97000,3
ORD-50081,2021-04-06,HW-004,Engsel Kepala Antiq,Engsel,Gangsa Antik,Hitam Matte,Atmobrass Jaya,195.5,10.1,162,47000,1
ORD-50082,2021-04-08,HW-001,Accecoris Katak,Aksesori & Plat,Kuningan (Brass),Emas Berkilat,Atmobrass Jaya,62.1,7.7,147,28000,8
ORD-50082,2021-04-08,HW-012,Roda Troli Alumunium,Roda & Kaki Perabot,Aluminium,Emas Matte,Atmobrass Jaya,423.8,8.3,102,34000,1
ORD-50083,2021-04-08,HW-008,Handle Laci,Pemegang & Tombol,Kuningan (Brass),Emas Matte,Heritage Series,237.8,11.1,42,57000,1
ORD-50084,2021-04-11,HW-005,Engsel Tombak,Engsel,Gangsa Antik,Emas Matte,Heritage Series,152.7,14.5,122,47000,2
ORD-50084,2021-04-11,HW-006,Handle Arsip Kuningan,Pemegang & Tombol,Kuningan (Brass),Coklat Gelap,Atmobrass Jaya,286.4,11.8,168,36000,2
ORD-50085,2021-04-11,HW-008,Handle Laci,Pemegang & Tombol,Kuningan (Brass),Hitam Matte,Atmobrass Jaya,266.5,7.4,113,57000,6
ORD-50086,2021-04-15,HW-005,Engsel Tombak,Engsel,Gangsa Antik,Emas Matte,Atmobrass Jaya,275.7,7.7,37,47000,1
ORD-50087,2021-04-17,HW-006,Handle Arsip Kuningan,Pemegang & Tombol,Kuningan (Brass),Emas Berkilat,Maison Le Forge,153.0,13.8,21,36000,3
ORD-50087,2021-04-17,HW-003,Engsel Jahit,Engsel,Besi,Perak Saten,Atmobrass Jaya,213.8,12.8,110,32000,2
ORD-50089,2021-04-19,HW-013,Roda Troli Kuningan,Roda & Kaki Perabot,Kuningan (Brass),Perak Saten,Atmobrass Jaya,216.9,11.5,141,97000,6
ORD-50091,2021-04-22,HW-012,Roda Troli Alumunium,Roda & Kaki Perabot,Aluminium,Coklat Gelap,Atmobrass Jaya,427.2,12.2,118,34000,8
ORD-50092,2021-04-23,HW-010,Hanger Kapstok,Aksesori & Plat,Besi,Perak Berkilat (Chrome),Atmobrass Jaya,148.1,9.1,116,19000,6
ORD-50092,2021-04-23,HW-013,Roda Troli Kuningan,Roda & Kaki Perabot,Kuningan (Brass),Perak Berkilat (Chrome),Atmobrass Jaya,456.3,11.8,155,97000,8
ORD-50093,2021-04-25,HW-004,Engsel Kepala Antiq,Engsel,Gangsa Antik,Perak Saten,Atmobrass Jaya,240.4,13.5,77,47000,5
ORD-50095,2021-04-28,HW-007,Handle Kuningan,Pemegang & Tombol,Kuningan (Brass),Perak Berkilat (Chrome),Atmobrass Jaya,231.3,11.4,16,210000,6
ORD-50096,2021-04-29,HW-009,Handle Peti,Pemegang & Tombol,Kuningan (Brass),Perak Berkilat (Chrome),Heritage Series,263.0,11.5,27,90000,6
ORD-50098,2021-05-03,HW-004,Engsel Kepala Antiq,Engsel,Gangsa Antik,Emas Berkilat,Atmobrass Jaya,155.4,12.2,24,47000,10
ORD-50098,2021-05-03,HW-004,Engsel Kepala Antiq,Engsel,Gangsa Antik,Perak Berkilat (Chrome),Atmobrass Jaya,254.0,11.1,169,47000,4
ORD-50099,2021-05-03,HW-009,Handle Peti,Pemegang & Tombol,Kuningan (Brass),Emas Berkilat,Modern Hardware,173.6,12.5,89,90000,4
ORD-50099,2021-05-03,HW-002,Bintang,Aksesori & Plat,Kuningan (Brass),Perak Saten,Atmobrass Jaya,122.1,6.1,48,25000,3
ORD-50100,2021-05-05,HW-005,Engsel Tombak,Engsel,Gangsa Antik,Emas Berkilat,Atmobrass Jaya,125.0,7.3,175,47000,7
ORD-50100,2021-05-05,HW-010,Hanger Kapstok,Aksesori & Plat,Besi,Perak Saten,Atmobrass Jaya,141.0,9.1,30,19000,4
ORD-50101,2021-05-06,HW-006,Handle Arsip Kuningan,Pemegang & Tombol,Kuningan (Brass),Hitam Matte,Atmobrass Jaya,248.5,11.8,94,36000,9
ORD-50102,2021-05-08,HW-005,Engsel Tombak,Engsel,Gangsa Antik,Hitam Matte,Heritage Series,182.7,11.0,194,47000,2
ORD-50103,2021-05-10,HW-005,Engsel Tombak,Engsel,Gangsa Antik,Coklat Gelap,Modern Hardware,209.7,11.3,20,47000,8
ORD-50103,2021-05-10,HW-011,Kotak Kuningan,Aksesori & Plat,Kuningan (Brass),Coklat Gelap,Atmobrass Jaya,48.5,4.8,123,48000,1
ORD-50104,2021-05-14,HW-003,Engsel Jahit,Engsel,Besi,Emas Matte,Atmobrass Jaya,219.7,9.7,116,32000,9
ORD-50104,2021-05-14,HW-001,Accecoris Katak,Aksesori & Plat,Kuningan (Brass),Coklat Gelap,Atmobrass Jaya,66.6,4.9,92,28000,9
ORD-50106,2021-05-17,HW-010,Hanger Kapstok,Aksesori & Plat,Besi,Perak Berkilat (Chrome),Atmobrass Jaya,48.3,9.3,196,19000,3
ORD-50107,2021-05-19,HW-010,Hanger Kapstok,Aksesori & Plat,Besi,Perak Berkilat (Chrome),Atmobrass Jaya,71.5,7.5,145,19000,9
ORD-50107,2021-05-19,HW-012,Roda Troli Alumunium,Roda & Kaki Perabot,Aluminium,Perak Saten,Atmobrass Jaya,290.4,13.8,46,34000,7
ORD-50108,2021-05-19,HW-003,Engsel Jahit,Engsel,Besi,Perak Berkilat (Chrome),Atmobrass Jaya,290.2,8.1,109,32000,4
ORD-50109,2021-05-21,HW-002,Bintang,Aksesori & Plat,Kuningan (Brass),Perak Saten,Atmobrass Jaya,89.6,4.3,92,25000,1
ORD-50109,2021-05-21,HW-001,Accecoris Katak,Aksesori & Plat,Kuningan (Brass),Hitam Matte,Atmobrass Jaya,53.4,8.5,103,28000,1
ORD-50111,2021-05-22,HW-009,Handle Peti,Pemegang & Tombol,Kuningan (Brass),Emas Berkilat,Atmobrass Jaya,138.6,10.0,75,90000,9
ORD-50111,2021-05-22,HW-007,Handle Kuningan,Pemegang & Tombol,Kuningan (Brass),Perak Berkilat (Chrome),Maison Le Forge,84.5,14.8,22,210000,9
ORD-50112,2021-05-23,HW-001,Accecoris Katak,Aksesori & Plat,Kuningan (Brass),Emas Berkilat,Atmobrass Jaya,39.0,9.5,143,28000,3
ORD-50112,2021-05-23,HW-004,Engsel Kepala Antiq,Engsel,Gangsa Antik,Emas Matte,Heritage Series,278.1,8.6,138,47000,3
ORD-50113,2021-05-23,HW-010,Hanger Kapstok,Aksesori & Plat,Besi,Emas Matte,Atmobrass Jaya,93.2,4.2,166,19000,8
ORD-50114,2021-05-24,HW-012,Roda Troli Alumunium,Roda & Kaki Perabot,Aluminium,Perak Berkilat (Chrome),Atmobrass Jaya,326.0,13.3,39,34000,1
ORD-50115,2021-05-24,HW-012,Roda Troli Alumunium,Roda & Kaki Perabot,Aluminium,Perak Saten,Atmobrass Jaya,242.5,12.2,47,34000,8
ORD-50117,2021-05-26,HW-012,Roda Troli Alumunium,Roda & Kaki Perabot,Aluminium,Emas Berkilat,Atmobrass Jaya,489.2,13.4,193,34000,4
ORD-50117,2021-05-26,HW-006,Handle Arsip Kuningan,Pemegang & Tombol,Kuningan (Brass),Emas Matte,Atmobrass Jaya,242.0,11.1,26,36000,6
ORD-50118,2021-05-26,HW-010,Hanger Kapstok,Aksesori & Plat,Besi,Perak Berkilat (Chrome),Atmobrass Jaya,28.7,5.6,11,19000,4
ORD-50119,2021-05-30,HW-003,Engsel Jahit,Engsel,Besi,Emas Berkilat,Atmobrass Jaya,257.7,9.4,158,32000,3
ORD-50119,2021-05-30,HW-004,Engsel Kepala Antiq,Engsel,Gangsa Antik,Coklat Gelap,Atmobrass Jaya,246.1,14.7,120,47000,9
ORD-50121,2021-06-01,HW-010,Hanger Kapstok,Aksesori & Plat,Besi,Hitam Matte,Atmobrass Jaya,139.3,4.7,88,19000,2
ORD-50122,2021-06-01,HW-012,Roda Troli Alumunium,Roda & Kaki Perabot,Aluminium,Coklat Gelap,Atmobrass Jaya,295.8,12.9,24,34000,3
ORD-50122,2021-06-01,HW-005,Engsel Tombak,Engsel,Gangsa Antik,Perak Berkilat (Chrome),Atmobrass Jaya,212.6,14.5,107,47000,2
ORD-50124,2021-06-03,HW-002,Bintang,Aksesori & Plat,Kuningan (Brass),Perak Saten,Atmobrass Jaya,74.3,5.0,44,25000,1
ORD-50125,2021-06-05,HW-002,Bintang,Aksesori & Plat,Kuningan (Brass),Hitam Matte,Atmobrass Jaya,43.3,9.6,130,25000,4
ORD-50125,2021-06-05,HW-012,Roda Troli Alumunium,Roda & Kaki Perabot,Aluminium,Perak Saten,Atmobrass Jaya,468.9,12.2,48,34000,5
ORD-50126,2021-06-05,HW-004,Engsel Kepala Antiq,Engsel,Gangsa Antik,Perak Berkilat (Chrome),Atmobrass Jaya,212.8,7.5,155,47000,8
ORD-50127,2021-06-06,HW-006,Handle Arsip Kuningan,Pemegang & Tombol,Kuningan (Brass),Hitam Matte,Atmobrass Jaya,88.9,12.0,157,36000,7
ORD-50128,2021-06-10,HW-003,Engsel Jahit,Engsel,Besi,Emas Berkilat,Modern Hardware,94.5,14.9,176,32000,1
ORD-50128,2021-06-10,HW-001,Accecoris Katak,Aksesori & Plat,Kuningan (Brass),Coklat Gelap,Atmobrass Jaya,46.1,7.3,60,28000,1
ORD-50129,2021-06-10,HW-007,Handle Kuningan,Pemegang & Tombol,Kuningan (Brass),Perak Saten,Heritage Series,213.9,9.5,152,210000,7
ORD-50129,2021-06-10,HW-009,Handle Peti,Pemegang & Tombol,Kuningan (Brass),Emas Matte,Atmobrass Jaya,108.0,10.7,174,90000,6
ORD-50130,2021-06-11,HW-009,Handle Peti,Pemegang & Tombol,Kuningan (Brass),Perak Berkilat (Chrome),Heritage Series,143.8,12.7,46,90000,6
ORD-50131,2021-06-11,HW-002,Bintang,Aksesori & Plat,Kuningan (Brass),Emas Matte,Modern Hardware,87.3,8.4,174,25000,6
ORD-50131,2021-06-11,HW-004,Engsel Kepala Antiq,Engsel,Gangsa Antik,Perak Saten,Modern Hardware,188.3,13.3,80,47000,3
ORD-50132,2021-06-13,HW-013,Roda Troli Kuningan,Roda & Kaki Perabot,Kuningan (Brass),Emas Matte,Atmobrass Jaya,328.9,12.4,67,97000,2
ORD-50132,2021-06-13,HW-013,Roda Troli Kuningan,Roda & Kaki Perabot,Kuningan (Brass),Perak Saten,Atmobrass Jaya,434.4,13.8,167,97000,5
ORD-50133,2021-06-13,HW-002,Bintang,Aksesori & Plat,Kuningan (Brass),Emas Berkilat,Atmobrass Jaya,140.4,5.3,79,25000,1
ORD-50133,2021-06-13,HW-003,Engsel Jahit,Engsel,Besi,Emas Matte,Atmobrass Jaya,113.3,13.9,45,32000,1
ORD-50134,2021-06-13,HW-010,Hanger Kapstok,Aksesori & Plat,Besi,Emas Berkilat,Atmobrass Jaya,80.6,5.6,70,19000,5
ORD-50135,2021-06-14,HW-006,Handle Arsip Kuningan,Pemegang & Tombol,Kuningan (Brass),Coklat Gelap,Atmobrass Jaya,189.1,11.5,62,36000,3
ORD-50137,2021-06-21,HW-012,Roda Troli Alumunium,Roda & Kaki Perabot,Aluminium,Emas Berkilat,Atmobrass Jaya,474.3,13.2,87,34000,5
ORD-50137,2021-06-21,HW-001,Accecoris Katak,Aksesori & Plat,Kuningan (Brass),Perak Saten,Atmobrass Jaya,73.5,9.0,112,28000,6
ORD-50138,2021-06-21,HW-008,Handle Laci,Pemegang & Tombol,Kuningan (Brass),Coklat Gelap,Atmobrass Jaya,193.9,12.4,62,57000,9
ORD-50138,2021-06-21,HW-011,Kotak Kuningan,Aksesori & Plat,Kuningan (Brass),Coklat Gelap,Atmobrass Jaya,137.8,6.3,38,48000,3
ORD-50139,2021-06-22,HW-012,Roda Troli Alumunium,Roda & Kaki Perabot,Aluminium,Perak Berkilat (Chrome),Atmobrass Jaya,479.2,13.2,195,34000,5
ORD-50140,2021-06-25,HW-013,Roda Troli Kuningan,Roda & Kaki Perabot,Kuningan (Brass),Emas Berkilat,Maison Le Forge,361.6,9.8,51,97000,5
ORD-50140,2021-06-25,HW-003,Engsel Jahit,Engsel,Besi,Emas Matte,Heritage Series,246.9,9.2,65,32000,3
ORD-50141,2021-06-25,HW-006,Handle Arsip Kuningan,Pemegang & Tombol,Kuningan (Brass),Coklat Gelap,Atmobrass Jaya,125.5,12.5,168,36000,4
ORD-50142,2021-06-28,HW-001,Accecoris Katak,Aksesori & Plat,Kuningan (Brass),Emas Matte,Atmobrass Jaya,81.5,8.6,106,28000,1
ORD-50142,2021-06-28,HW-010,Hanger Kapstok,Aksesori & Plat,Besi,Emas Matte,Atmobrass Jaya,106.3,4.0,109,19000,5
ORD-50142,2021-06-28,HW-003,Engsel Jahit,Engsel,Besi,Coklat Gelap,Atmobrass Jaya,136.5,8.5,198,32000,7
ORD-50144,2021-07-01,HW-010,Hanger Kapstok,Aksesori & Plat,Besi,Perak Saten,Atmobrass Jaya,44.2,8.7,19,19000,2
ORD-50145,2021-07-01,HW-008,Handle Laci,Pemegang & Tombol,Kuningan (Brass),Perak Saten,Atmobrass Jaya,290.8,14.1,12,57000,6
ORD-50145,2021-07-01,HW-001,Accecoris Katak,Aksesori & Plat,Kuningan (Brass),Coklat Gelap,Atmobrass Jaya,135.7,4.9,100,28000,10
ORD-50145,2021-07-01,HW-012,Roda Troli Alumunium,Roda & Kaki Perabot,Aluminium,Coklat Gelap,Modern Hardware,348.2,10.0,27,34000,10
ORD-50146,2021-07-01,HW-013,Roda Troli Kuningan,Roda & Kaki Perabot,Kuningan (Brass),Perak Berkilat (Chrome),Modern Hardware,395.8,8.7,159,97000,3
ORD-50147,2021-07-02,HW-012,Roda Troli Alumunium,Roda & Kaki Perabot,Aluminium,Hitam Matte,Atmobrass Jaya,316.8,11.3,89,34000,8
ORD-50148,2021-07-04,HW-012,Roda Troli Alumunium,Roda & Kaki Perabot,Aluminium,Emas Matte,Atmobrass Jaya,461.7,9.8,139,34000,7
ORD-50149,2021-07-05,HW-012,Roda Troli Alumunium,Roda & Kaki Perabot,Aluminium,Hitam Matte,Heritage Series,297.6,10.1,101,34000,2
ORD-50150,2021-07-05,HW-008,Handle Laci,Pemegang & Tombol,Kuningan (Brass),Coklat Gelap,Atmobrass Jaya,117.2,7.5,85,57000,10
ORD-50150,2021-07-05,HW-001,Accecoris Katak,Aksesori & Plat,Kuningan (Brass),Hitam Matte,Atmobrass Jaya,24.6,4.2,55,28000,2
ORD-50154,2021-07-10,HW-006,Handle Arsip Kuningan,Pemegang & Tombol,Kuningan (Brass),Perak Saten,Atmobrass Jaya,248.6,9.1,49,36000,7
ORD-50155,2021-07-12,HW-006,Handle Arsip Kuningan,Pemegang & Tombol,Kuningan (Brass),Coklat Gelap,Atmobrass Jaya,271.3,14.9,184,36000,10
ORD-50159,2021-07-16,HW-003,Engsel Jahit,Engsel,Besi,Coklat Gelap,Atmobrass Jaya,187.9,10.1,50,32000,7
ORD-50160,2021-07-17,HW-005,Engsel Tombak,Engsel,Gangsa Antik,Emas Matte,Atmobrass Jaya,127.5,13.2,136,47000,4
ORD-50160,2021-07-17,HW-004,Engsel Kepala Antiq,Engsel,Gangsa Antik,Perak Saten,Atmobrass Jaya,154.4,13.0,26,47000,4
ORD-50160,2021-07-17,HW-008,Handle Laci,Pemegang & Tombol,Kuningan (Brass),Emas Matte,Atmobrass Jaya,242.8,13.7,131,57000,1
ORD-50162,2021-07-27,HW-011,Kotak Kuningan,Aksesori & Plat,Kuningan (Brass),Coklat Gelap,Modern Hardware,86.9,5.1,113,48000,3
ORD-50162,2021-07-27,HW-011,Kotak Kuningan,Aksesori & Plat,Kuningan (Brass),Emas Matte,Atmobrass Jaya,50.0,9.1,100,48000,7
ORD-50162,2021-07-27,HW-013,Roda Troli Kuningan,Roda & Kaki Perabot,Kuningan (Brass),Emas Matte,Atmobrass Jaya,251.0,10.4,97,97000,2
ORD-50163,2021-07-27,HW-005,Engsel Tombak,Engsel,Gangsa Antik,Emas Berkilat,Atmobrass Jaya,281.3,11.7,42,47000,7
ORD-50163,2021-07-27,HW-013,Roda Troli Kuningan,Roda & Kaki Perabot,Kuningan (Brass),Emas Berkilat,Atmobrass Jaya,205.1,8.7,198,97000,6
ORD-50164,2021-07-29,HW-002,Bintang,Aksesori & Plat,Kuningan (Brass),Coklat Gelap,Atmobrass Jaya,21.9,9.2,151,25000,9
ORD-50165,2021-07-30,HW-005,Engsel Tombak,Engsel,Gangsa Antik,Emas Berkilat,Atmobrass Jaya,260.8,7.4,48,47000,10
ORD-50166,2021-07-31,HW-010,Hanger Kapstok,Aksesori & Plat,Besi,Perak Berkilat (Chrome),Atmobrass Jaya,69.3,8.5,92,19000,6
ORD-50166,2021-07-31,HW-003,Engsel Jahit,Engsel,Besi,Hitam Matte,Atmobrass Jaya,112.4,12.2,93,32000,4
ORD-50167,2021-08-01,HW-012,Roda Troli Alumunium,Roda & Kaki Perabot,Aluminium,Emas Matte,Atmobrass Jaya,241.0,13.3,26,34000,10
ORD-50169,2021-08-03,HW-001,Accecoris Katak,Aksesori & Plat,Kuningan (Brass),Emas Berkilat,Atmobrass Jaya,133.7,8.4,137,28000,8
ORD-50169,2021-08-03,HW-012,Roda Troli Alumunium,Roda & Kaki Perabot,Aluminium,Emas Matte,Atmobrass Jaya,232.2,11.3,53,34000,1
ORD-50170,2021-08-04,HW-004,Engsel Kepala Antiq,Engsel,Gangsa Antik,Coklat Gelap,Atmobrass Jaya,211.8,13.3,189,47000,5
ORD-50170,2021-08-04,HW-010,Hanger Kapstok,Aksesori & Plat,Besi,Emas Berkilat,Maison Le Forge,146.4,8.6,182,19000,5
ORD-50171,2021-08-05,HW-005,Engsel Tombak,Engsel,Gangsa Antik,Perak Saten,Atmobrass Jaya,293.0,9.6,45,47000,4
ORD-50173,2021-08-07,HW-002,Bintang,Aksesori & Plat,Kuningan (Brass),Emas Matte,Modern Hardware,22.4,5.3,102,25000,7
ORD-50174,2021-08-09,HW-010,Hanger Kapstok,Aksesori & Plat,Besi,Coklat Gelap,Atmobrass Jaya,112.6,4.9,160,19000,2
ORD-50176,2021-08-14,HW-011,Kotak Kuningan,Aksesori & Plat,Kuningan (Brass),Emas Matte,Atmobrass Jaya,135.8,8.7,167,48000,8
ORD-50176,2021-08-14,HW-011,Kotak Kuningan,Aksesori & Plat,Kuningan (Brass),Emas Matte,Atmobrass Jaya,96.4,8.4,121,48000,3
ORD-50177,2021-08-15,HW-011,Kotak Kuningan,Aksesori & Plat,Kuningan (Brass),Coklat Gelap,Atmobrass Jaya,21.6,4.2,162,48000,10
ORD-50178,2021-08-17,HW-001,Accecoris Katak,Aksesori & Plat,Kuningan (Brass),Emas Matte,Atmobrass Jaya,116.9,6.8,78,28000,10
ORD-50181,2021-08-19,HW-001,Accecoris Katak,Aksesori & Plat,Kuningan (Brass),Emas Berkilat,Atmobrass Jaya,43.5,8.5,70,28000,10
ORD-50181,2021-08-19,HW-009,Handle Peti,Pemegang & Tombol,Kuningan (Brass),Hitam Matte,Atmobrass Jaya,206.3,7.7,56,90000,10
ORD-50186,2021-08-23,HW-007,Handle Kuningan,Pemegang & Tombol,Kuningan (Brass),Emas Matte,Atmobrass Jaya,106.7,13.3,70,210000,7
ORD-50188,2021-08-25,HW-001,Accecoris Katak,Aksesori & Plat,Kuningan (Brass),Emas Berkilat,Atmobrass Jaya,87.8,5.7,19,28000,10
ORD-50188,2021-08-25,HW-012,Roda Troli Alumunium,Roda & Kaki Perabot,Aluminium,Emas Berkilat,Heritage Series,236.0,13.3,95,34000,3
ORD-50189,2021-08-26,HW-003,Engsel Jahit,Engsel,Besi,Coklat Gelap,Atmobrass Jaya,264.4,13.0,136,32000,3
ORD-50189,2021-08-26,HW-009,Handle Peti,Pemegang & Tombol,Kuningan (Brass),Emas Matte,Atmobrass Jaya,199.2,10.6,107,90000,5
ORD-50190,2021-09-03,HW-002,Bintang,Aksesori & Plat,Kuningan (Brass),Emas Matte,Maison Le Forge,93.7,9.9,160,25000,9
ORD-50190,2021-09-03,HW-001,Accecoris Katak,Aksesori & Plat,Kuningan (Brass),Hitam Matte,Atmobrass Jaya,23.5,4.9,135,28000,6
ORD-50191,2021-09-04,HW-011,Kotak Kuningan,Aksesori & Plat,Kuningan (Brass),Emas Matte,Atmobrass Jaya,132.5,5.3,25,48000,4
ORD-50191,2021-09-04,HW-004,Engsel Kepala Antiq,Engsel,Gangsa Antik,Emas Berkilat,Atmobrass Jaya,196.2,11.3,163,47000,5
ORD-50192,2021-09-05,HW-010,Hanger Kapstok,Aksesori & Plat,Besi,Perak Saten,Maison Le Forge,137.8,7.8,79,19000,10
ORD-50195,2021-09-09,HW-006,Handle Arsip Kuningan,Pemegang & Tombol,Kuningan (Brass),Emas Matte,Atmobrass Jaya,244.5,14.9,58,36000,4
ORD-50195,2021-09-09,HW-007,Handle Kuningan,Pemegang & Tombol,Kuningan (Brass),Emas Berkilat,Atmobrass Jaya,94.9,8.8,171,210000,5
ORD-50196,2021-09-09,HW-007,Handle Kuningan,Pemegang & Tombol,Kuningan (Brass),Emas Berkilat,Atmobrass Jaya,123.9,13.7,71,210000,7
ORD-50197,2021-09-11,HW-005,Engsel Tombak,Engsel,Gangsa Antik,Hitam Matte,Atmobrass Jaya,280.3,8.7,53,47000,10
ORD-50197,2021-09-11,HW-001,Accecoris Katak,Aksesori & Plat,Kuningan (Brass),Emas Matte,Atmobrass Jaya,33.9,5.7,185,28000,6
ORD-50198,2021-09-11,HW-010,Hanger Kapstok,Aksesori & Plat,Besi,Emas Berkilat,Heritage Series,38.8,4.9,146,19000,5
ORD-50199,2021-09-13,HW-007,Handle Kuningan,Pemegang & Tombol,Kuningan (Brass),Emas Berkilat,Atmobrass Jaya,151.3,7.0,76,210000,4
ORD-50201,2021-09-17,HW-006,Handle Arsip Kuningan,Pemegang & Tombol,Kuningan (Brass),Perak Saten,Atmobrass Jaya,177.7,8.1,163,36000,3
ORD-50201,2021-09-17,HW-007,Handle Kuningan,Pemegang & Tombol,Kuningan (Brass),Emas Matte,Modern Hardware,162.0,7.6,186,210000,10
ORD-50202,2021-09-21,HW-012,Roda Troli Alumunium,Roda & Kaki Perabot,Aluminium,Coklat Gelap,Atmobrass Jaya,407.5,9.0,36,34000,1
ORD-50203,2021-09-24,HW-010,Hanger Kapstok,Aksesori & Plat,Besi,Emas Berkilat,Atmobrass Jaya,48.5,8.9,50,19000,8
ORD-50204,2021-09-28,HW-011,Kotak Kuningan,Aksesori & Plat,Kuningan (Brass),Coklat Gelap,Atmobrass Jaya,73.8,5.4,39,48000,4
ORD-50204,2021-09-28,HW-009,Handle Peti,Pemegang & Tombol,Kuningan (Brass),Perak Saten,Atmobrass Jaya,248.1,14.1,112,90000,8
ORD-50204,2021-09-28,HW-001,Accecoris Katak,Aksesori & Plat,Kuningan (Brass),Perak Saten,Atmobrass Jaya,49.6,9.7,81,28000,7
ORD-50205,2021-09-28,HW-007,Handle Kuningan,Pemegang & Tombol,Kuningan (Brass),Perak Berkilat (Chrome),Atmobrass Jaya,193.7,8.6,101,210000,1
ORD-50205,2021-09-28,HW-008,Handle Laci,Pemegang & Tombol,Kuningan (Brass),Emas Matte,Atmobrass Jaya,203.7,7.3,182,57000,4
ORD-50206,2021-09-28,HW-006,Handle Arsip Kuningan,Pemegang & Tombol,Kuningan (Brass),Coklat Gelap,Atmobrass Jaya,151.6,10.3,158,36000,8
ORD-50207,2021-09-29,HW-013,Roda Troli Kuningan,Roda & Kaki Perabot,Kuningan (Brass),Hitam Matte,Atmobrass Jaya,380.2,10.9,147,97000,2
ORD-50208,2021-09-29,HW-004,Engsel Kepala Antiq,Engsel,Gangsa Antik,Hitam Matte,Maison Le Forge,276.2,9.4,39,47000,3
ORD-50208,2021-09-29,HW-011,Kotak Kuningan,Aksesori & Plat,Kuningan (Brass),Hitam Matte,Atmobrass Jaya,146.6,9.2,61,48000,5
ORD-50210,2021-10-05,HW-005,Engsel Tombak,Engsel,Gangsa Antik,Emas Berkilat,Atmobrass Jaya,258.8,7.7,176,47000,2
ORD-50211,2021-10-06,HW-003,Engsel Jahit,Engsel,Besi,Perak Berkilat (Chrome),Atmobrass Jaya,105.4,12.4,95,32000,3
ORD-50211,2021-10-06,HW-007,Handle Kuningan,Pemegang & Tombol,Kuningan (Brass),Emas Berkilat,Atmobrass Jaya,232.6,9.8,125,210000,7
ORD-50212,2021-10-07,HW-012,Roda Troli Alumunium,Roda & Kaki Perabot,Aluminium,Perak Berkilat (Chrome),Atmobrass Jaya,270.4,13.3,187,34000,8
ORD-50212,2021-10-07,HW-009,Handle Peti,Pemegang & Tombol,Kuningan (Brass),Emas Matte,Atmobrass Jaya,220.9,14.8,164,90000,10
ORD-50212,2021-10-07,HW-013,Roda Troli Kuningan,Roda & Kaki Perabot,Kuningan (Brass),Emas Matte,Atmobrass Jaya,435.2,10.2,133,97000,1
ORD-50213,2021-10-07,HW-012,Roda Troli Alumunium,Roda & Kaki Perabot,Aluminium,Emas Berkilat,Heritage Series,365.4,11.1,64,34000,10
ORD-50214,2021-10-08,HW-009,Handle Peti,Pemegang & Tombol,Kuningan (Brass),Perak Saten,Heritage Series,83.6,10.0,174,90000,3
ORD-50216,2021-10-13,HW-008,Handle Laci,Pemegang & Tombol,Kuningan (Brass),Coklat Gelap,Atmobrass Jaya,116.2,11.8,87,57000,4
ORD-50216,2021-10-13,HW-009,Handle Peti,Pemegang & Tombol,Kuningan (Brass),Perak Saten,Atmobrass Jaya,282.0,14.3,13,90000,10
ORD-50218,2021-10-13,HW-008,Handle Laci,Pemegang & Tombol,Kuningan (Brass),Emas Berkilat,Maison Le Forge,92.6,10.5,32,57000,5
ORD-50219,2021-10-15,HW-002,Bintang,Aksesori & Plat,Kuningan (Brass),Emas Matte,Atmobrass Jaya,37.9,7.9,11,25000,9
ORD-50219,2021-10-15,HW-011,Kotak Kuningan,Aksesori & Plat,Kuningan (Brass),Coklat Gelap,Atmobrass Jaya,81.2,5.2,158,48000,4
ORD-50221,2021-10-19,HW-006,Handle Arsip Kuningan,Pemegang & Tombol,Kuningan (Brass),Coklat Gelap,Atmobrass Jaya,103.8,7.6,138,36000,5
ORD-50222,2021-10-20,HW-009,Handle Peti,Pemegang & Tombol,Kuningan (Brass),Perak Berkilat (Chrome),Atmobrass Jaya,264.3,11.8,184,90000,3
ORD-50223,2021-10-24,HW-006,Handle Arsip Kuningan,Pemegang & Tombol,Kuningan (Brass),Emas Berkilat,Maison Le Forge,287.9,9.6,75,36000,1
ORD-50225,2021-10-25,HW-007,Handle Kuningan,Pemegang & Tombol,Kuningan (Brass),Coklat Gelap,Atmobrass Jaya,105.7,9.6,127,210000,1
ORD-50225,2021-10-25,HW-013,Roda Troli Kuningan,Roda & Kaki Perabot,Kuningan (Brass),Emas Berkilat,Atmobrass Jaya,480.6,12.7,156,97000,2
ORD-50227,2021-10-28,HW-005,Engsel Tombak,Engsel,Gangsa Antik,Perak Saten,Maison Le Forge,114.3,9.8,189,47000,7
ORD-50228,2021-10-28,HW-010,Hanger Kapstok,Aksesori & Plat,Besi,Hitam Matte,Atmobrass Jaya,143.9,7.8,18,19000,1
ORD-50228,2021-10-28,HW-002,Bintang,Aksesori & Plat,Kuningan (Brass),Emas Matte,Atmobrass Jaya,141.8,7.1,57,25000,5
ORD-50229,2021-10-29,HW-004,Engsel Kepala Antiq,Engsel,Gangsa Antik,Perak Saten,Atmobrass Jaya,203.7,13.9,190,47000,9
ORD-50229,2021-10-29,HW-007,Handle Kuningan,Pemegang & Tombol,Kuningan (Brass),Perak Berkilat (Chrome),Atmobrass Jaya,94.7,10.8,13,210000,7
ORD-50230,2021-10-29,HW-002,Bintang,Aksesori & Plat,Kuningan (Brass),Coklat Gelap,Atmobrass Jaya,130.2,5.4,33,25000,9
ORD-50231,2021-10-30,HW-013,Roda Troli Kuningan,Roda & Kaki Perabot,Kuningan (Brass),Emas Matte,Maison Le Forge,283.1,8.1,169,97000,1
ORD-50232,2021-10-31,HW-007,Handle Kuningan,Pemegang & Tombol,Kuningan (Brass),Coklat Gelap,Atmobrass Jaya,264.9,10.2,47,210000,4
ORD-50233,2021-11-02,HW-010,Hanger Kapstok,Aksesori & Plat,Besi,Coklat Gelap,Atmobrass Jaya,69.7,10.0,195,19000,3
ORD-50233,2021-11-02,HW-012,Roda Troli Alumunium,Roda & Kaki Perabot,Aluminium,Perak Berkilat (Chrome),Atmobrass Jaya,222.3,10.6,122,34000,1
ORD-50234,2021-11-03,HW-005,Engsel Tombak,Engsel,Gangsa Antik,Perak Berkilat (Chrome),Atmobrass Jaya,210.6,10.0,173,47000,9
ORD-50234,2021-11-03,HW-002,Bintang,Aksesori & Plat,Kuningan (Brass),Coklat Gelap,Atmobrass Jaya,22.7,6.8,26,25000,4
ORD-50235,2021-11-04,HW-002,Bintang,Aksesori & Plat,Kuningan (Brass),Emas Matte,Atmobrass Jaya,38.5,5.4,123,25000,9
ORD-50237,2021-11-05,HW-007,Handle Kuningan,Pemegang & Tombol,Kuningan (Brass),Perak Saten,Atmobrass Jaya,157.0,13.7,180,210000,3
ORD-50239,2021-11-06,HW-010,Hanger Kapstok,Aksesori & Plat,Besi,Coklat Gelap,Atmobrass Jaya,105.1,8.1,35,19000,3
ORD-50240,2021-11-08,HW-004,Engsel Kepala Antiq,Engsel,Gangsa Antik,Perak Berkilat (Chrome),Atmobrass Jaya,233.5,8.0,77,47000,5
ORD-50241,2021-11-11,HW-009,Handle Peti,Pemegang & Tombol,Kuningan (Brass),Hitam Matte,Atmobrass Jaya,181.2,14.4,183,90000,4
ORD-50242,2021-11-14,HW-001,Accecoris Katak,Aksesori & Plat,Kuningan (Brass),Emas Matte,Atmobrass Jaya,29.7,9.7,11,28000,7
ORD-50243,2021-11-15,HW-001,Accecoris Katak,Aksesori & Plat,Kuningan (Brass),Hitam Matte,Atmobrass Jaya,56.6,6.0,196,28000,5
ORD-50243,2021-11-15,HW-010,Hanger Kapstok,Aksesori & Plat,Besi,Coklat Gelap,Atmobrass Jaya,68.2,9.7,131,19000,10
ORD-50243,2021-11-15,HW-006,Handle Arsip Kuningan,Pemegang & Tombol,Kuningan (Brass),Perak Saten,Atmobrass Jaya,249.3,10.6,32,36000,10
ORD-50244,2021-11-17,HW-008,Handle Laci,Pemegang & Tombol,Kuningan (Brass),Coklat Gelap,Atmobrass Jaya,88.3,14.1,196,57000,7
ORD-50245,2021-11-19,HW-005,Engsel Tombak,Engsel,Gangsa Antik,Emas Berkilat,Atmobrass Jaya,272.9,7.0,176,47000,5
ORD-50245,2021-11-19,HW-013,Roda Troli Kuningan,Roda & Kaki Perabot,Kuningan (Brass),Emas Berkilat,Atmobrass Jaya,401.9,13.5,13,97000,3
ORD-50246,2021-11-20,HW-001,Accecoris Katak,Aksesori & Plat,Kuningan (Brass),Perak Saten,Atmobrass Jaya,32.2,5.7,156,28000,2
ORD-50248,2021-11-22,HW-006,Handle Arsip Kuningan,Pemegang & Tombol,Kuningan (Brass),Perak Saten,Atmobrass Jaya,134.6,14.3,193,36000,10
ORD-50249,2021-11-23,HW-005,Engsel Tombak,Engsel,Gangsa Antik,Emas Berkilat,Atmobrass Jaya,119.7,10.9,192,47000,8
ORD-50250,2021-11-23,HW-009,Handle Peti,Pemegang & Tombol,Kuningan (Brass),Coklat Gelap,Atmobrass Jaya,107.1,11.4,129,90000,9
ORD-50250,2021-11-23,HW-012,Roda Troli Alumunium,Roda & Kaki Perabot,Aluminium,Coklat Gelap,Atmobrass Jaya,438.0,9.3,30,34000,10
ORD-50252,2021-11-24,HW-002,Bintang,Aksesori & Plat,Kuningan (Brass),Emas Matte,Atmobrass Jaya,111.9,9.6,109,25000,2
ORD-50253,2021-11-24,HW-002,Bintang,Aksesori & Plat,Kuningan (Brass),Perak Berkilat (Chrome),Atmobrass Jaya,50.6,5.9,34,25000,5
ORD-50254,2021-11-27,HW-008,Handle Laci,Pemegang & Tombol,Kuningan (Brass),Perak Saten,Atmobrass Jaya,172.9,10.2,159,57000,5
ORD-50255,2021-11-28,HW-011,Kotak Kuningan,Aksesori & Plat,Kuningan (Brass),Coklat Gelap,Atmobrass Jaya,108.7,8.3,102,48000,3
ORD-50255,2021-11-28,HW-010,Hanger Kapstok,Aksesori & Plat,Besi,Hitam Matte,Atmobrass Jaya,107.3,5.9,11,19000,8
ORD-50256,2021-12-01,HW-013,Roda Troli Kuningan,Roda & Kaki Perabot,Kuningan (Brass),Emas Matte,Atmobrass Jaya,288.2,12.8,83,97000,4
ORD-50256,2021-12-01,HW-002,Bintang,Aksesori & Plat,Kuningan (Brass),Perak Saten,Atmobrass Jaya,96.7,4.4,125,25000,6
ORD-50256,2021-12-01,HW-007,Handle Kuningan,Pemegang & Tombol,Kuningan (Brass),Hitam Matte,Heritage Series,275.6,13.3,70,210000,1
ORD-50257,2021-12-01,HW-007,Handle Kuningan,Pemegang & Tombol,Kuningan (Brass),Coklat Gelap,Atmobrass Jaya,135.2,8.5,97,210000,7
ORD-50259,2021-12-03,HW-001,Accecoris Katak,Aksesori & Plat,Kuningan (Brass),Hitam Matte,Maison Le Forge,55.2,5.7,151,28000,6
ORD-50259,2021-12-03,HW-011,Kotak Kuningan,Aksesori & Plat,Kuningan (Brass),Emas Berkilat,Atmobrass Jaya,33.3,7.7,130,48000,4
ORD-50260,2021-12-05,HW-003,Engsel Jahit,Engsel,Besi,Coklat Gelap,Atmobrass Jaya,208.8,12.7,18,32000,7
ORD-50261,2021-12-05,HW-008,Handle Laci,Pemegang & Tombol,Kuningan (Brass),Perak Saten,Atmobrass Jaya,131.5,8.2,44,57000,10
ORD-50262,2021-12-06,HW-006,Handle Arsip Kuningan,Pemegang & Tombol,Kuningan (Brass),Emas Berkilat,Atmobrass Jaya,99.9,12.4,88,36000,3
ORD-50262,2021-12-06,HW-001,Accecoris Katak,Aksesori & Plat,Kuningan (Brass),Emas Matte,Atmobrass Jaya,93.1,7.5,43,28000,7
ORD-50265,2021-12-14,HW-007,Handle Kuningan,Pemegang & Tombol,Kuningan (Brass),Coklat Gelap,Atmobrass Jaya,222.3,11.9,165,210000,4
ORD-50265,2021-12-14,HW-005,Engsel Tombak,Engsel,Gangsa Antik,Perak Saten,Heritage Series,255.9,11.5,72,47000,8
ORD-50267,2021-12-17,HW-007,Handle Kuningan,Pemegang & Tombol,Kuningan (Brass),Coklat Gelap,Atmobrass Jaya,235.0,9.4,171,210000,7
ORD-50268,2021-12-18,HW-013,Roda Troli Kuningan,Roda & Kaki Perabot,Kuningan (Brass),Emas Matte,Atmobrass Jaya,390.4,10.8,196,97000,9
ORD-50269,2021-12-19,HW-010,Hanger Kapstok,Aksesori & Plat,Besi,Hitam Matte,Atmobrass Jaya,60.8,5.7,109,19000,8
ORD-50269,2021-12-19,HW-006,Handle Arsip Kuningan,Pemegang & Tombol,Kuningan (Brass),Perak Berkilat (Chrome),Atmobrass Jaya,124.4,14.5,152,36000,1
ORD-50270,2021-12-21,HW-009,Handle Peti,Pemegang & Tombol,Kuningan (Brass),Emas Berkilat,Atmobrass Jaya,156.3,13.4,155,90000,6
ORD-50272,2021-12-22,HW-012,Roda Troli Alumunium,Roda & Kaki Perabot,Aluminium,Emas Matte,Atmobrass Jaya,375.3,13.1,193,34000,5
ORD-50274,2021-12-23,HW-001,Accecoris Katak,Aksesori & Plat,Kuningan (Brass),Coklat Gelap,Atmobrass Jaya,21.9,6.2,34,28000,4
ORD-50275,2021-12-23,HW-011,Kotak Kuningan,Aksesori & Plat,Kuningan (Brass),Emas Berkilat,Atmobrass Jaya,98.8,9.4,79,48000,4
ORD-50276,2021-12-23,HW-007,Handle Kuningan,Pemegang & Tombol,Kuningan (Brass),Perak Saten,Maison Le Forge,144.7,13.0,98,210000,2
ORD-50276,2021-12-23,HW-002,Bintang,Aksesori & Plat,Kuningan (Brass),Perak Saten,Atmobrass Jaya,55.3,8.8,135,25000,9
ORD-50277,2021-12-25,HW-006,Handle Arsip Kuningan,Pemegang & Tombol,Kuningan (Brass),Coklat Gelap,Maison Le Forge,236.9,11.2,168,36000,1
ORD-50277,2021-12-25,HW-003,Engsel Jahit,Engsel,Besi,Perak Saten,Atmobrass Jaya,283.7,10.9,157,32000,1
ORD-50278,2021-12-25,HW-007,Handle Kuningan,Pemegang & Tombol,Kuningan (Brass),Hitam Matte,Maison Le Forge,201.6,8.7,18,210000,6
ORD-50279,2021-12-26,HW-012,Roda Troli Alumunium,Roda & Kaki Perabot,Aluminium,Coklat Gelap,Atmobrass Jaya,444.9,12.0,189,34000,6
ORD-50279,2021-12-26,HW-008,Handle Laci,Pemegang & Tombol,Kuningan (Brass),Emas Berkilat,Atmobrass Jaya,169.1,13.9,94,57000,9
ORD-50279,2021-12-26,HW-009,Handle Peti,Pemegang & Tombol,Kuningan (Brass),Coklat Gelap,Maison Le Forge,171.7,11.7,52,90000,7
ORD-50281,2021-12-29,HW-010,Hanger Kapstok,Aksesori & Plat,Besi,Emas Matte,Modern Hardware,78.0,7.4,76,19000,8
ORD-50282,2021-12-29,HW-013,Roda Troli Kuningan,Roda & Kaki Perabot,Kuningan (Brass),Perak Saten,Modern Hardware,226.9,8.4,59,97000,5
ORD-50283,2022-01-03,HW-013,Roda Troli Kuningan,Roda & Kaki Perabot,Kuningan (Brass),Emas Matte,Atmobrass Jaya,241.9,11.0,198,97000,10
ORD-50283,2022-01-03,HW-013,Roda Troli Kuningan,Roda & Kaki Perabot,Kuningan (Brass),Perak Berkilat (Chrome),Maison Le Forge,298.0,13.8,85,97000,8
ORD-50283,2022-01-03,HW-001,Accecoris Katak,Aksesori & Plat,Kuningan (Brass),Coklat Gelap,Atmobrass Jaya,139.9,4.1,134,28000,4
ORD-50285,2022-01-06,HW-003,Engsel Jahit,Engsel,Besi,Emas Matte,Atmobrass Jaya,262.8,13.4,200,32000,2
ORD-50285,2022-01-06,HW-013,Roda Troli Kuningan,Roda & Kaki Perabot,Kuningan (Brass),Emas Berkilat,Heritage Series,239.1,13.6,142,97000,5
ORD-50286,2022-01-06,HW-011,Kotak Kuningan,Aksesori & Plat,Kuningan (Brass),Coklat Gelap,Atmobrass Jaya,122.7,9.9,110,48000,4
ORD-50287,2022-01-06,HW-004,Engsel Kepala Antiq,Engsel,Gangsa Antik,Perak Berkilat (Chrome),Atmobrass Jaya,100.7,14.4,179,47000,6
ORD-50290,2022-01-14,HW-008,Handle Laci,Pemegang & Tombol,Kuningan (Brass),Coklat Gelap,Maison Le Forge,289.1,14.3,150,57000,4
ORD-50292,2022-01-17,HW-010,Hanger Kapstok,Aksesori & Plat,Besi,Coklat Gelap,Atmobrass Jaya,138.0,5.7,16,19000,2
ORD-50293,2022-01-18,HW-001,Accecoris Katak,Aksesori & Plat,Kuningan (Brass),Hitam Matte,Atmobrass Jaya,120.5,7.4,52,28000,5
ORD-50293,2022-01-18,HW-012,Roda Troli Alumunium,Roda & Kaki Perabot,Aluminium,Emas Matte,Atmobrass Jaya,219.8,8.0,66,34000,9
ORD-50293,2022-01-18,HW-003,Engsel Jahit,Engsel,Besi,Hitam Matte,Atmobrass Jaya,145.2,7.0,176,32000,3
ORD-50295,2022-01-27,HW-002,Bintang,Aksesori & Plat,Kuningan (Brass),Emas Matte,Modern Hardware,69.7,7.1,182,25000,5
ORD-50295,2022-01-27,HW-003,Engsel Jahit,Engsel,Besi,Hitam Matte,Atmobrass Jaya,124.8,10.5,119,32000,2
ORD-50297,2022-01-28,HW-013,Roda Troli Kuningan,Roda & Kaki Perabot,Kuningan (Brass),Coklat Gelap,Atmobrass Jaya,278.5,10.5,175,97000,1
ORD-50298,2022-02-02,HW-011,Kotak Kuningan,Aksesori & Plat,Kuningan (Brass),Emas Matte,Atmobrass Jaya,105.2,6.8,14,48000,1
ORD-50298,2022-02-02,HW-007,Handle Kuningan,Pemegang & Tombol,Kuningan (Brass),Perak Berkilat (Chrome),Atmobrass Jaya,125.6,10.5,166,210000,2
ORD-50300,2022-02-06,HW-003,Engsel Jahit,Engsel,Besi,Emas Matte,Maison Le Forge,280.6,11.9,114,32000,9
ORD-50301,2022-02-07,HW-012,Roda Troli Alumunium,Roda & Kaki Perabot,Aluminium,Emas Matte,Atmobrass Jaya,295.6,11.5,157,34000,2
ORD-50301,2022-02-07,HW-006,Handle Arsip Kuningan,Pemegang & Tombol,Kuningan (Brass),Emas Berkilat,Atmobrass Jaya,286.2,9.8,181,36000,1
ORD-50301,2022-02-07,HW-001,Accecoris Katak,Aksesori & Plat,Kuningan (Brass),Emas Berkilat,Atmobrass Jaya,129.8,10.0,121,28000,1
ORD-50303,2022-02-09,HW-005,Engsel Tombak,Engsel,Gangsa Antik,Emas Berkilat,Maison Le Forge,242.8,11.3,89,47000,5
ORD-50303,2022-02-09,HW-012,Roda Troli Alumunium,Roda & Kaki Perabot,Aluminium,Hitam Matte,Heritage Series,454.5,9.0,73,34000,1
ORD-50305,2022-02-10,HW-001,Accecoris Katak,Aksesori & Plat,Kuningan (Brass),Emas Matte,Modern Hardware,133.0,4.7,10,28000,6
ORD-50307,2022-02-11,HW-007,Handle Kuningan,Pemegang & Tombol,Kuningan (Brass),Coklat Gelap,Atmobrass Jaya,136.3,14.8,128,210000,3
ORD-50308,2022-02-12,HW-011,Kotak Kuningan,Aksesori & Plat,Kuningan (Brass),Coklat Gelap,Maison Le Forge,93.8,7.5,136,48000,5
ORD-50308,2022-02-12,HW-008,Handle Laci,Pemegang & Tombol,Kuningan (Brass),Perak Berkilat (Chrome),Atmobrass Jaya,102.5,7.1,181,57000,7
ORD-50310,2022-02-13,HW-005,Engsel Tombak,Engsel,Gangsa Antik,Emas Matte,Atmobrass Jaya,127.3,14.1,96,47000,10
ORD-50310,2022-02-13,HW-003,Engsel Jahit,Engsel,Besi,Perak Saten,Modern Hardware,132.7,8.2,172,32000,10
ORD-50311,2022-02-14,HW-008,Handle Laci,Pemegang & Tombol,Kuningan (Brass),Perak Saten,Atmobrass Jaya,276.7,10.8,20,57000,3
ORD-50312,2022-02-15,HW-006,Handle Arsip Kuningan,Pemegang & Tombol,Kuningan (Brass),Perak Berkilat (Chrome),Modern Hardware,114.3,14.6,109,36000,5
ORD-50313,2022-02-15,HW-003,Engsel Jahit,Engsel,Besi,Hitam Matte,Atmobrass Jaya,278.0,8.2,140,32000,4
ORD-50314,2022-02-18,HW-007,Handle Kuningan,Pemegang & Tombol,Kuningan (Brass),Emas Berkilat,Heritage Series,270.1,11.0,20,210000,1
ORD-50314,2022-02-18,HW-004,Engsel Kepala Antiq,Engsel,Gangsa Antik,Perak Berkilat (Chrome),Atmobrass Jaya,269.7,12.8,53,47000,1
ORD-50315,2022-02-21,HW-013,Roda Troli Kuningan,Roda & Kaki Perabot,Kuningan (Brass),Emas Matte,Atmobrass Jaya,486.7,10.8,165,97000,8
ORD-50316,2022-02-23,HW-004,Engsel Kepala Antiq,Engsel,Gangsa Antik,Coklat Gelap,Atmobrass Jaya,119.7,14.0,24,47000,2
ORD-50317,2022-02-26,HW-010,Hanger Kapstok,Aksesori & Plat,Besi,Hitam Matte,Atmobrass Jaya,96.6,8.7,66,19000,7
ORD-50318,2022-02-27,HW-006,Handle Arsip Kuningan,Pemegang & Tombol,Kuningan (Brass),Perak Saten,Atmobrass Jaya,266.3,7.6,130,36000,2
ORD-50320,2022-03-10,HW-009,Handle Peti,Pemegang & Tombol,Kuningan (Brass),Coklat Gelap,Modern Hardware,158.3,14.1,143,90000,1
ORD-50321,2022-03-10,HW-009,Handle Peti,Pemegang & Tombol,Kuningan (Brass),Hitam Matte,Atmobrass Jaya,120.7,10.7,55,90000,6
ORD-50322,2022-03-11,HW-004,Engsel Kepala Antiq,Engsel,Gangsa Antik,Emas Berkilat,Atmobrass Jaya,87.2,12.7,125,47000,7
ORD-50322,2022-03-11,HW-009,Handle Peti,Pemegang & Tombol,Kuningan (Brass),Hitam Matte,Modern Hardware,143.1,10.1,177,90000,9
ORD-50322,2022-03-11,HW-008,Handle Laci,Pemegang & Tombol,Kuningan (Brass),Perak Berkilat (Chrome),Atmobrass Jaya,220.1,11.0,118,57000,1
ORD-50325,2022-03-13,HW-005,Engsel Tombak,Engsel,Gangsa Antik,Hitam Matte,Atmobrass Jaya,282.2,8.6,141,47000,7
ORD-50327,2022-03-15,HW-006,Handle Arsip Kuningan,Pemegang & Tombol,Kuningan (Brass),Perak Saten,Atmobrass Jaya,113.1,13.9,125,36000,2
ORD-50328,2022-03-16,HW-001,Accecoris Katak,Aksesori & Plat,Kuningan (Brass),Coklat Gelap,Atmobrass Jaya,104.1,7.2,29,28000,3
ORD-50331,2022-03-24,HW-005,Engsel Tombak,Engsel,Gangsa Antik,Emas Berkilat,Atmobrass Jaya,149.6,14.8,55,47000,7
ORD-50333,2022-03-26,HW-013,Roda Troli Kuningan,Roda & Kaki Perabot,Kuningan (Brass),Emas Matte,Atmobrass Jaya,332.4,13.6,116,97000,5
ORD-50334,2022-03-26,HW-007,Handle Kuningan,Pemegang & Tombol,Kuningan (Brass),Hitam Matte,Maison Le Forge,155.1,14.1,31,210000,4
ORD-50334,2022-03-26,HW-008,Handle Laci,Pemegang & Tombol,Kuningan (Brass),Emas Matte,Atmobrass Jaya,177.7,12.9,95,57000,10
ORD-50338,2022-04-04,HW-005,Engsel Tombak,Engsel,Gangsa Antik,Emas Berkilat,Atmobrass Jaya,167.5,13.5,140,47000,5
ORD-50338,2022-04-04,HW-005,Engsel Tombak,Engsel,Gangsa Antik,Emas Matte,Atmobrass Jaya,251.3,8.0,126,47000,6
ORD-50339,2022-04-07,HW-003,Engsel Jahit,Engsel,Besi,Coklat Gelap,Atmobrass Jaya,82.9,9.2,127,32000,2
ORD-50341,2022-04-09,HW-011,Kotak Kuningan,Aksesori & Plat,Kuningan (Brass),Perak Saten,Atmobrass Jaya,27.9,9.9,101,48000,7
ORD-50341,2022-04-09,HW-013,Roda Troli Kuningan,Roda & Kaki Perabot,Kuningan (Brass),Hitam Matte,Atmobrass Jaya,406.8,12.3,198,97000,9
ORD-50342,2022-04-11,HW-011,Kotak Kuningan,Aksesori & Plat,Kuningan (Brass),Perak Saten,Atmobrass Jaya,49.4,6.0,139,48000,6
ORD-50344,2022-04-13,HW-011,Kotak Kuningan,Aksesori & Plat,Kuningan (Brass),Emas Matte,Atmobrass Jaya,78.4,5.2,141,48000,9
ORD-50344,2022-04-13,HW-011,Kotak Kuningan,Aksesori & Plat,Kuningan (Brass),Perak Saten,Atmobrass Jaya,71.7,8.2,78,48000,8
ORD-50346,2022-04-18,HW-007,Handle Kuningan,Pemegang & Tombol,Kuningan (Brass),Emas Matte,Atmobrass Jaya,208.3,14.5,123,210000,10
ORD-50346,2022-04-18,HW-002,Bintang,Aksesori & Plat,Kuningan (Brass),Hitam Matte,Atmobrass Jaya,122.1,4.6,157,25000,3
ORD-50347,2022-04-21,HW-013,Roda Troli Kuningan,Roda & Kaki Perabot,Kuningan (Brass),Perak Berkilat (Chrome),Atmobrass Jaya,482.2,8.8,40,97000,3
ORD-50347,2022-04-21,HW-004,Engsel Kepala Antiq,Engsel,Gangsa Antik,Perak Saten,Atmobrass Jaya,98.4,12.4,83,47000,5
ORD-50348,2022-04-21,HW-002,Bintang,Aksesori & Plat,Kuningan (Brass),Hitam Matte,Atmobrass Jaya,135.3,7.6,170,25000,2
ORD-50349,2022-04-22,HW-009,Handle Peti,Pemegang & Tombol,Kuningan (Brass),Hitam Matte,Atmobrass Jaya,186.5,7.7,187,90000,6
ORD-50349,2022-04-22,HW-004,Engsel Kepala Antiq,Engsel,Gangsa Antik,Emas Berkilat,Atmobrass Jaya,283.3,15.0,116,47000,5
ORD-50350,2022-04-22,HW-003,Engsel Jahit,Engsel,Besi,Coklat Gelap,Atmobrass Jaya,98.8,10.6,175,32000,1
ORD-50352,2022-04-23,HW-010,Hanger Kapstok,Aksesori & Plat,Besi,Coklat Gelap,Atmobrass Jaya,118.5,4.0,194,19000,10
ORD-50353,2022-04-24,HW-001,Accecoris Katak,Aksesori & Plat,Kuningan (Brass),Emas Matte,Maison Le Forge,58.2,6.8,37,28000,1
ORD-50355,2022-04-26,HW-012,Roda Troli Alumunium,Roda & Kaki Perabot,Aluminium,Hitam Matte,Atmobrass Jaya,418.4,13.4,57,34000,10
ORD-50356,2022-04-28,HW-003,Engsel Jahit,Engsel,Besi,Hitam Matte,Atmobrass Jaya,134.5,9.0,104,32000,9
ORD-50356,2022-04-28,HW-011,Kotak Kuningan,Aksesori & Plat,Kuningan (Brass),Perak Saten,Atmobrass Jaya,136.3,9.5,100,48000,6
ORD-50359,2022-05-02,HW-008,Handle Laci,Pemegang & Tombol,Kuningan (Brass),Perak Saten,Atmobrass Jaya,226.3,12.9,53,57000,1
ORD-50360,2022-05-03,HW-011,Kotak Kuningan,Aksesori & Plat,Kuningan (Brass),Coklat Gelap,Atmobrass Jaya,110.3,4.5,98,48000,4
ORD-50362,2022-05-04,HW-005,Engsel Tombak,Engsel,Gangsa Antik,Perak Berkilat (Chrome),Atmobrass Jaya,122.1,8.8,11,47000,6
ORD-50363,2022-05-05,HW-003,Engsel Jahit,Engsel,Besi,Emas Matte,Atmobrass Jaya,103.6,8.2,66,32000,8
ORD-50363,2022-05-05,HW-003,Engsel Jahit,Engsel,Besi,Hitam Matte,Atmobrass Jaya,99.5,10.2,74,32000,2
ORD-50364,2022-05-05,HW-010,Hanger Kapstok,Aksesori & Plat,Besi,Perak Berkilat (Chrome),Atmobrass Jaya,75.2,7.1,61,19000,10
ORD-50365,2022-05-06,HW-007,Handle Kuningan,Pemegang & Tombol,Kuningan (Brass),Emas Berkilat,Atmobrass Jaya,89.4,7.0,92,210000,3
ORD-50366,2022-05-06,HW-005,Engsel Tombak,Engsel,Gangsa Antik,Perak Berkilat (Chrome),Atmobrass Jaya,82.2,7.6,185,47000,7
ORD-50367,2022-05-08,HW-006,Handle Arsip Kuningan,Pemegang & Tombol,Kuningan (Brass),Emas Matte,Atmobrass Jaya,243.6,14.7,90,36000,3
ORD-50367,2022-05-08,HW-007,Handle Kuningan,Pemegang & Tombol,Kuningan (Brass),Emas Matte,Atmobrass Jaya,117.9,8.1,139,210000,7
ORD-50368,2022-05-11,HW-012,Roda Troli Alumunium,Roda & Kaki Perabot,Aluminium,Emas Berkilat,Atmobrass Jaya,307.2,10.4,93,34000,2
ORD-50368,2022-05-11,HW-002,Bintang,Aksesori & Plat,Kuningan (Brass),Emas Berkilat,Atmobrass Jaya,143.4,8.2,177,25000,10
ORD-50371,2022-05-16,HW-001,Accecoris Katak,Aksesori & Plat,Kuningan (Brass),Emas Berkilat,Atmobrass Jaya,131.6,6.6,101,28000,9
ORD-50373,2022-05-22,HW-013,Roda Troli Kuningan,Roda & Kaki Perabot,Kuningan (Brass),Hitam Matte,Atmobrass Jaya,447.7,11.8,148,97000,7
ORD-50373,2022-05-22,HW-004,Engsel Kepala Antiq,Engsel,Gangsa Antik,Emas Berkilat,Atmobrass Jaya,114.9,12.6,116,47000,7
ORD-50373,2022-05-22,HW-003,Engsel Jahit,Engsel,Besi,Perak Berkilat (Chrome),Atmobrass Jaya,256.3,12.5,24,32000,1
ORD-50374,2022-05-22,HW-008,Handle Laci,Pemegang & Tombol,Kuningan (Brass),Emas Matte,Atmobrass Jaya,134.8,14.6,178,57000,10
ORD-50374,2022-05-22,HW-006,Handle Arsip Kuningan,Pemegang & Tombol,Kuningan (Brass),Coklat Gelap,Atmobrass Jaya,254.2,9.5,160,36000,6
ORD-50375,2022-05-25,HW-011,Kotak Kuningan,Aksesori & Plat,Kuningan (Brass),Perak Saten,Atmobrass Jaya,142.0,4.7,76,48000,1
ORD-50375,2022-05-25,HW-012,Roda Troli Alumunium,Roda & Kaki Perabot,Aluminium,Perak Berkilat (Chrome),Atmobrass Jaya,319.0,10.2,164,34000,9
ORD-50376,2022-05-26,HW-003,Engsel Jahit,Engsel,Besi,Coklat Gelap,Heritage Series,133.8,9.9,193,32000,10
ORD-50376,2022-05-26,HW-011,Kotak Kuningan,Aksesori & Plat,Kuningan (Brass),Coklat Gelap,Atmobrass Jaya,138.3,8.5,91,48000,3
ORD-50376,2022-05-26,HW-008,Handle Laci,Pemegang & Tombol,Kuningan (Brass),Emas Berkilat,Atmobrass Jaya,100.0,12.3,181,57000,4
ORD-50377,2022-06-01,HW-009,Handle Peti,Pemegang & Tombol,Kuningan (Brass),Emas Berkilat,Atmobrass Jaya,221.4,12.9,61,90000,9
ORD-50377,2022-06-01,HW-002,Bintang,Aksesori & Plat,Kuningan (Brass),Coklat Gelap,Atmobrass Jaya,118.9,9.3,140,25000,2
ORD-50380,2022-06-06,HW-011,Kotak Kuningan,Aksesori & Plat,Kuningan (Brass),Coklat Gelap,Atmobrass Jaya,146.3,9.7,93,48000,8
ORD-50380,2022-06-06,HW-005,Engsel Tombak,Engsel,Gangsa Antik,Emas Berkilat,Atmobrass Jaya,163.2,10.4,35,47000,3
ORD-50381,2022-06-07,HW-010,Hanger Kapstok,Aksesori & Plat,Besi,Perak Saten,Atmobrass Jaya,118.3,9.8,86,19000,9
ORD-50383,2022-06-13,HW-005,Engsel Tombak,Engsel,Gangsa Antik,Coklat Gelap,Atmobrass Jaya,101.4,13.4,185,47000,5
ORD-50384,2022-06-13,HW-012,Roda Troli Alumunium,Roda & Kaki Perabot,Aluminium,Emas Berkilat,Maison Le Forge,204.8,9.7,112,34000,1
ORD-50385,2022-06-14,HW-002,Bintang,Aksesori & Plat,Kuningan (Brass),Hitam Matte,Atmobrass Jaya,94.8,5.7,133,25000,5
ORD-50386,2022-06-16,HW-004,Engsel Kepala Antiq,Engsel,Gangsa Antik,Coklat Gelap,Atmobrass Jaya,265.9,8.2,34,47000,6
ORD-50388,2022-06-19,HW-008,Handle Laci,Pemegang & Tombol,Kuningan (Brass),Perak Berkilat (Chrome),Atmobrass Jaya,275.0,13.9,27,57000,4
ORD-50388,2022-06-19,HW-013,Roda Troli Kuningan,Roda & Kaki Perabot,Kuningan (Brass),Emas Matte,Atmobrass Jaya,329.5,12.4,16,97000,8
ORD-50389,2022-06-20,HW-002,Bintang,Aksesori & Plat,Kuningan (Brass),Coklat Gelap,Atmobrass Jaya,122.1,4.6,64,25000,7
ORD-50389,2022-06-20,HW-003,Engsel Jahit,Engsel,Besi,Coklat Gelap,Atmobrass Jaya,130.7,14.3,19,32000,9
ORD-50390,2022-06-20,HW-002,Bintang,Aksesori & Plat,Kuningan (Brass),Hitam Matte,Atmobrass Jaya,104.3,9.4,104,25000,7
ORD-50391,2022-06-21,HW-001,Accecoris Katak,Aksesori & Plat,Kuningan (Brass),Perak Berkilat (Chrome),Atmobrass Jaya,147.4,9.0,167,28000,3
ORD-50391,2022-06-21,HW-002,Bintang,Aksesori & Plat,Kuningan (Brass),Perak Saten,Atmobrass Jaya,68.1,6.4,23,25000,8
ORD-50391,2022-06-21,HW-005,Engsel Tombak,Engsel,Gangsa Antik,Perak Berkilat (Chrome),Atmobrass Jaya,205.7,11.7,113,47000,3
ORD-50392,2022-06-21,HW-003,Engsel Jahit,Engsel,Besi,Emas Matte,Maison Le Forge,81.8,7.5,166,32000,4
ORD-50397,2022-06-27,HW-003,Engsel Jahit,Engsel,Besi,Hitam Matte,Atmobrass Jaya,254.6,12.6,154,32000,6
ORD-50397,2022-06-27,HW-011,Kotak Kuningan,Aksesori & Plat,Kuningan (Brass),Perak Saten,Modern Hardware,101.0,8.4,40,48000,8
ORD-50398,2022-06-29,HW-009,Handle Peti,Pemegang & Tombol,Kuningan (Brass),Coklat Gelap,Atmobrass Jaya,140.1,7.5,69,90000,9
ORD-50398,2022-06-29,HW-011,Kotak Kuningan,Aksesori & Plat,Kuningan (Brass),Perak Saten,Atmobrass Jaya,129.4,7.3,139,48000,3
ORD-50399,2022-06-29,HW-006,Handle Arsip Kuningan,Pemegang & Tombol,Kuningan (Brass),Emas Berkilat,Atmobrass Jaya,272.1,10.4,37,36000,8
ORD-50400,2022-06-30,HW-001,Accecoris Katak,Aksesori & Plat,Kuningan (Brass),Hitam Matte,Atmobrass Jaya,35.8,7.8,89,28000,5
ORD-50400,2022-06-30,HW-001,Accecoris Katak,Aksesori & Plat,Kuningan (Brass),Perak Berkilat (Chrome),Modern Hardware,32.3,7.5,190,28000,10
ORD-50402,2022-07-03,HW-008,Handle Laci,Pemegang & Tombol,Kuningan (Brass),Emas Berkilat,Atmobrass Jaya,96.6,14.8,60,57000,6
ORD-50402,2022-07-03,HW-007,Handle Kuningan,Pemegang & Tombol,Kuningan (Brass),Emas Berkilat,Atmobrass Jaya,212.6,13.7,59,210000,10
ORD-50403,2022-07-07,HW-003,Engsel Jahit,Engsel,Besi,Hitam Matte,Atmobrass Jaya,284.3,8.3,161,32000,3
ORD-50404,2022-07-12,HW-003,Engsel Jahit,Engsel,Besi,Hitam Matte,Atmobrass Jaya,145.1,11.2,199,32000,1
ORD-50405,2022-07-12,HW-009,Handle Peti,Pemegang & Tombol,Kuningan (Brass),Perak Saten,Atmobrass Jaya,265.0,13.7,52,90000,1
ORD-50406,2022-07-16,HW-011,Kotak Kuningan,Aksesori & Plat,Kuningan (Brass),Coklat Gelap,Atmobrass Jaya,124.7,6.5,181,48000,1
ORD-50407,2022-07-16,HW-012,Roda Troli Alumunium,Roda & Kaki Perabot,Aluminium,Emas Matte,Atmobrass Jaya,483.2,12.3,76,34000,3
ORD-50408,2022-07-17,HW-003,Engsel Jahit,Engsel,Besi,Perak Saten,Atmobrass Jaya,157.4,9.7,118,32000,6
ORD-50411,2022-07-18,HW-011,Kotak Kuningan,Aksesori & Plat,Kuningan (Brass),Emas Matte,Atmobrass Jaya,127.6,6.8,26,48000,10
ORD-50411,2022-07-18,HW-007,Handle Kuningan,Pemegang & Tombol,Kuningan (Brass),Perak Berkilat (Chrome),Atmobrass Jaya,258.7,14.2,61,210000,8
ORD-50411,2022-07-18,HW-003,Engsel Jahit,Engsel,Besi,Perak Berkilat (Chrome),Atmobrass Jaya,262.1,9.2,52,32000,2
ORD-50412,2022-07-21,HW-004,Engsel Kepala Antiq,Engsel,Gangsa Antik,Emas Berkilat,Atmobrass Jaya,154.1,7.7,141,47000,4
ORD-50412,2022-07-21,HW-003,Engsel Jahit,Engsel,Besi,Hitam Matte,Atmobrass Jaya,136.9,9.8,191,32000,2
ORD-50415,2022-07-26,HW-012,Roda Troli Alumunium,Roda & Kaki Perabot,Aluminium,Coklat Gelap,Modern Hardware,237.9,8.7,49,34000,8
ORD-50415,2022-07-26,HW-008,Handle Laci,Pemegang & Tombol,Kuningan (Brass),Perak Saten,Atmobrass Jaya,207.9,11.5,155,57000,6
ORD-50416,2022-07-27,HW-003,Engsel Jahit,Engsel,Besi,Emas Berkilat,Modern Hardware,265.7,7.7,104,32000,3
ORD-50417,2022-07-27,HW-011,Kotak Kuningan,Aksesori & Plat,Kuningan (Brass),Coklat Gelap,Atmobrass Jaya,98.2,6.3,153,48000,5
ORD-50418,2022-07-30,HW-013,Roda Troli Kuningan,Roda & Kaki Perabot,Kuningan (Brass),Emas Berkilat,Atmobrass Jaya,406.7,12.0,81,97000,2
ORD-50418,2022-07-30,HW-003,Engsel Jahit,Engsel,Besi,Emas Matte,Atmobrass Jaya,272.0,12.7,64,32000,8
ORD-50419,2022-08-03,HW-011,Kotak Kuningan,Aksesori & Plat,Kuningan (Brass),Perak Saten,Atmobrass Jaya,57.2,8.2,101,48000,2
ORD-50419,2022-08-03,HW-002,Bintang,Aksesori & Plat,Kuningan (Brass),Hitam Matte,Atmobrass Jaya,27.2,5.4,105,25000,3
ORD-50420,2022-08-03,HW-012,Roda Troli Alumunium,Roda & Kaki Perabot,Aluminium,Perak Berkilat (Chrome),Heritage Series,239.2,9.0,65,34000,8
ORD-50420,2022-08-03,HW-003,Engsel Jahit,Engsel,Besi,Hitam Matte,Atmobrass Jaya,80.2,7.3,163,32000,1
ORD-50421,2022-08-04,HW-011,Kotak Kuningan,Aksesori & Plat,Kuningan (Brass),Hitam Matte,Atmobrass Jaya,117.5,6.6,163,48000,6
ORD-50423,2022-08-06,HW-013,Roda Troli Kuningan,Roda & Kaki Perabot,Kuningan (Brass),Hitam Matte,Atmobrass Jaya,303.8,11.0,83,97000,3
ORD-50424,2022-08-08,HW-013,Roda Troli Kuningan,Roda & Kaki Perabot,Kuningan (Brass),Emas Berkilat,Atmobrass Jaya,443.8,11.9,159,97000,10
ORD-50425,2022-08-09,HW-003,Engsel Jahit,Engsel,Besi,Perak Saten,Modern Hardware,200.1,10.8,43,32000,9
ORD-50426,2022-08-09,HW-009,Handle Peti,Pemegang & Tombol,Kuningan (Brass),Coklat Gelap,Atmobrass Jaya,108.2,7.1,138,90000,2
ORD-50426,2022-08-09,HW-004,Engsel Kepala Antiq,Engsel,Gangsa Antik,Emas Berkilat,Heritage Series,211.4,14.9,110,47000,8
ORD-50428,2022-08-13,HW-012,Roda Troli Alumunium,Roda & Kaki Perabot,Aluminium,Emas Matte,Atmobrass Jaya,443.9,13.6,121,34000,7
ORD-50429,2022-08-14,HW-010,Hanger Kapstok,Aksesori & Plat,Besi,Perak Berkilat (Chrome),Atmobrass Jaya,127.1,9.1,41,19000,6
ORD-50429,2022-08-14,HW-007,Handle Kuningan,Pemegang & Tombol,Kuningan (Brass),Coklat Gelap,Atmobrass Jaya,138.3,11.0,83,210000,8
ORD-50429,2022-08-14,HW-010,Hanger Kapstok,Aksesori & Plat,Besi,Coklat Gelap,Atmobrass Jaya,147.6,9.0,39,19000,3
ORD-50432,2022-08-21,HW-012,Roda Troli Alumunium,Roda & Kaki Perabot,Aluminium,Emas Berkilat,Atmobrass Jaya,456.7,9.0,168,34000,1
ORD-50433,2022-08-25,HW-005,Engsel Tombak,Engsel,Gangsa Antik,Hitam Matte,Atmobrass Jaya,290.6,11.6,91,47000,2
ORD-50433,2022-08-25,HW-008,Handle Laci,Pemegang & Tombol,Kuningan (Brass),Perak Saten,Maison Le Forge,126.3,12.1,115,57000,7
ORD-50434,2022-08-31,HW-005,Engsel Tombak,Engsel,Gangsa Antik,Emas Matte,Atmobrass Jaya,286.5,9.5,26,47000,3
ORD-50434,2022-08-31,HW-003,Engsel Jahit,Engsel,Besi,Coklat Gelap,Atmobrass Jaya,136.7,7.7,175,32000,8
ORD-50434,2022-08-31,HW-005,Engsel Tombak,Engsel,Gangsa Antik,Emas Berkilat,Atmobrass Jaya,248.4,7.2,192,47000,5
ORD-50435,2022-08-31,HW-006,Handle Arsip Kuningan,Pemegang & Tombol,Kuningan (Brass),Coklat Gelap,Atmobrass Jaya,99.7,11.3,83,36000,7
ORD-50436,2022-09-01,HW-010,Hanger Kapstok,Aksesori & Plat,Besi,Coklat Gelap,Atmobrass Jaya,58.3,8.8,17,19000,3
ORD-50438,2022-09-05,HW-012,Roda Troli Alumunium,Roda & Kaki Perabot,Aluminium,Hitam Matte,Atmobrass Jaya,415.5,8.4,144,34000,8
ORD-50440,2022-09-09,HW-006,Handle Arsip Kuningan,Pemegang & Tombol,Kuningan (Brass),Perak Berkilat (Chrome),Maison Le Forge,102.5,11.2,48,36000,4
ORD-50441,2022-09-13,HW-009,Handle Peti,Pemegang & Tombol,Kuningan (Brass),Emas Berkilat,Atmobrass Jaya,128.1,14.1,45,90000,5
ORD-50441,2022-09-13,HW-007,Handle Kuningan,Pemegang & Tombol,Kuningan (Brass),Emas Matte,Atmobrass Jaya,271.5,9.2,80,210000,1
ORD-50442,2022-09-13,HW-008,Handle Laci,Pemegang & Tombol,Kuningan (Brass),Emas Berkilat,Atmobrass Jaya,209.8,8.1,140,57000,1
ORD-50443,2022-09-14,HW-001,Accecoris Katak,Aksesori & Plat,Kuningan (Brass),Emas Berkilat,Atmobrass Jaya,148.3,5.5,161,28000,4
ORD-50445,2022-09-19,HW-011,Kotak Kuningan,Aksesori & Plat,Kuningan (Brass),Perak Saten,Atmobrass Jaya,109.3,5.0,130,48000,5
ORD-50445,2022-09-19,HW-012,Roda Troli Alumunium,Roda & Kaki Perabot,Aluminium,Emas Berkilat,Atmobrass Jaya,308.1,11.8,149,34000,10
ORD-50445,2022-09-19,HW-001,Accecoris Katak,Aksesori & Plat,Kuningan (Brass),Coklat Gelap,Atmobrass Jaya,52.7,5.3,179,28000,10
ORD-50449,2022-10-01,HW-008,Handle Laci,Pemegang & Tombol,Kuningan (Brass),Perak Berkilat (Chrome),Atmobrass Jaya,263.0,14.0,186,57000,8
ORD-50449,2022-10-01,HW-002,Bintang,Aksesori & Plat,Kuningan (Brass),Hitam Matte,Maison Le Forge,70.0,8.5,158,25000,4
ORD-50450,2022-10-01,HW-002,Bintang,Aksesori & Plat,Kuningan (Brass),Perak Saten,Atmobrass Jaya,135.3,9.9,147,25000,5
ORD-50453,2022-10-03,HW-012,Roda Troli Alumunium,Roda & Kaki Perabot,Aluminium,Hitam Matte,Modern Hardware,218.4,13.4,86,34000,10
ORD-50455,2022-10-05,HW-013,Roda Troli Kuningan,Roda & Kaki Perabot,Kuningan (Brass),Emas Matte,Atmobrass Jaya,283.1,11.7,27,97000,8
ORD-50458,2022-10-09,HW-009,Handle Peti,Pemegang & Tombol,Kuningan (Brass),Emas Matte,Maison Le Forge,149.0,11.7,26,90000,8
ORD-50459,2022-10-11,HW-007,Handle Kuningan,Pemegang & Tombol,Kuningan (Brass),Emas Matte,Modern Hardware,118.6,11.0,35,210000,9
ORD-50459,2022-10-11,HW-002,Bintang,Aksesori & Plat,Kuningan (Brass),Emas Matte,Modern Hardware,144.1,9.2,81,25000,2
ORD-50460,2022-10-12,HW-008,Handle Laci,Pemegang & Tombol,Kuningan (Brass),Emas Matte,Atmobrass Jaya,281.1,11.4,69,57000,8
ORD-50460,2022-10-12,HW-002,Bintang,Aksesori & Plat,Kuningan (Brass),Emas Berkilat,Atmobrass Jaya,92.6,4.6,139,25000,1
ORD-50461,2022-10-12,HW-010,Hanger Kapstok,Aksesori & Plat,Besi,Perak Saten,Atmobrass Jaya,74.6,4.6,58,19000,4
ORD-50461,2022-10-12,HW-003,Engsel Jahit,Engsel,Besi,Emas Berkilat,Heritage Series,280.3,10.1,196,32000,8
ORD-50461,2022-10-12,HW-002,Bintang,Aksesori & Plat,Kuningan (Brass),Hitam Matte,Atmobrass Jaya,47.9,6.2,129,25000,5
ORD-50462,2022-10-12,HW-008,Handle Laci,Pemegang & Tombol,Kuningan (Brass),Perak Saten,Atmobrass Jaya,249.8,7.4,60,57000,5
ORD-50463,2022-10-13,HW-007,Handle Kuningan,Pemegang & Tombol,Kuningan (Brass),Emas Berkilat,Heritage Series,104.0,8.8,114,210000,10
ORD-50463,2022-10-13,HW-010,Hanger Kapstok,Aksesori & Plat,Besi,Emas Berkilat,Atmobrass Jaya,25.0,5.2,146,19000,1
ORD-50464,2022-10-17,HW-007,Handle Kuningan,Pemegang & Tombol,Kuningan (Brass),Coklat Gelap,Atmobrass Jaya,192.3,9.5,143,210000,9
ORD-50466,2022-10-18,HW-012,Roda Troli Alumunium,Roda & Kaki Perabot,Aluminium,Emas Berkilat,Atmobrass Jaya,497.7,13.4,71,34000,8
ORD-50467,2022-10-19,HW-006,Handle Arsip Kuningan,Pemegang & Tombol,Kuningan (Brass),Hitam Matte,Atmobrass Jaya,159.0,12.0,124,36000,7
ORD-50468,2022-10-19,HW-008,Handle Laci,Pemegang & Tombol,Kuningan (Brass),Perak Saten,Atmobrass Jaya,227.6,11.5,76,57000,1
ORD-50471,2022-10-23,HW-010,Hanger Kapstok,Aksesori & Plat,Besi,Perak Saten,Heritage Series,134.3,7.3,138,19000,4
ORD-50472,2022-10-24,HW-006,Handle Arsip Kuningan,Pemegang & Tombol,Kuningan (Brass),Emas Matte,Atmobrass Jaya,137.2,10.1,13,36000,9
ORD-50472,2022-10-24,HW-011,Kotak Kuningan,Aksesori & Plat,Kuningan (Brass),Perak Berkilat (Chrome),Atmobrass Jaya,77.8,6.4,80,48000,6
ORD-50472,2022-10-24,HW-011,Kotak Kuningan,Aksesori & Plat,Kuningan (Brass),Emas Berkilat,Atmobrass Jaya,35.7,9.8,21,48000,7
ORD-50473,2022-10-24,HW-007,Handle Kuningan,Pemegang & Tombol,Kuningan (Brass),Emas Berkilat,Atmobrass Jaya,158.5,10.4,86,210000,6
ORD-50474,2022-10-25,HW-012,Roda Troli Alumunium,Roda & Kaki Perabot,Aluminium,Perak Berkilat (Chrome),Modern Hardware,478.3,9.9,198,34000,3
ORD-50477,2022-10-27,HW-002,Bintang,Aksesori & Plat,Kuningan (Brass),Emas Matte,Atmobrass Jaya,149.6,7.8,180,25000,9
ORD-50477,2022-10-27,HW-006,Handle Arsip Kuningan,Pemegang & Tombol,Kuningan (Brass),Emas Berkilat,Atmobrass Jaya,210.8,8.0,98,36000,5
ORD-50478,2022-10-31,HW-008,Handle Laci,Pemegang & Tombol,Kuningan (Brass),Emas Matte,Atmobrass Jaya,211.4,10.3,20,57000,9
ORD-50478,2022-10-31,HW-007,Handle Kuningan,Pemegang & Tombol,Kuningan (Brass),Perak Saten,Atmobrass Jaya,119.7,8.3,57,210000,9
ORD-50478,2022-10-31,HW-005,Engsel Tombak,Engsel,Gangsa Antik,Perak Saten,Atmobrass Jaya,264.1,7.7,12,47000,4
ORD-50481,2022-11-04,HW-002,Bintang,Aksesori & Plat,Kuningan (Brass),Emas Matte,Atmobrass Jaya,122.5,8.5,122,25000,3
ORD-50481,2022-11-04,HW-002,Bintang,Aksesori & Plat,Kuningan (Brass),Perak Berkilat (Chrome),Atmobrass Jaya,60.7,8.7,60,25000,10
ORD-50481,2022-11-04,HW-001,Accecoris Katak,Aksesori & Plat,Kuningan (Brass),Perak Berkilat (Chrome),Atmobrass Jaya,60.7,7.5,135,28000,4
ORD-50482,2022-11-04,HW-007,Handle Kuningan,Pemegang & Tombol,Kuningan (Brass),Perak Berkilat (Chrome),Atmobrass Jaya,229.4,8.4,146,210000,7
ORD-50483,2022-11-06,HW-003,Engsel Jahit,Engsel,Besi,Hitam Matte,Atmobrass Jaya,171.7,14.3,36,32000,2
ORD-50484,2022-11-07,HW-005,Engsel Tombak,Engsel,Gangsa Antik,Perak Berkilat (Chrome),Atmobrass Jaya,196.5,13.5,199,47000,8
ORD-50484,2022-11-07,HW-011,Kotak Kuningan,Aksesori & Plat,Kuningan (Brass),Emas Matte,Atmobrass Jaya,112.3,5.8,150,48000,6
ORD-50485,2022-11-08,HW-003,Engsel Jahit,Engsel,Besi,Hitam Matte,Atmobrass Jaya,165.8,10.4,116,32000,7
ORD-50486,2022-11-12,HW-009,Handle Peti,Pemegang & Tombol,Kuningan (Brass),Hitam Matte,Atmobrass Jaya,292.1,14.3,80,90000,6
ORD-50487,2022-11-15,HW-007,Handle Kuningan,Pemegang & Tombol,Kuningan (Brass),Emas Matte,Maison Le Forge,149.8,9.3,123,210000,5
ORD-50489,2022-11-18,HW-005,Engsel Tombak,Engsel,Gangsa Antik,Emas Berkilat,Modern Hardware,232.7,14.1,17,47000,1
ORD-50490,2022-11-19,HW-013,Roda Troli Kuningan,Roda & Kaki Perabot,Kuningan (Brass),Hitam Matte,Maison Le Forge,205.5,9.5,21,97000,2
ORD-50491,2022-11-20,HW-007,Handle Kuningan,Pemegang & Tombol,Kuningan (Brass),Emas Matte,Atmobrass Jaya,102.9,10.7,172,210000,1
ORD-50493,2022-11-22,HW-006,Handle Arsip Kuningan,Pemegang & Tombol,Kuningan (Brass),Emas Matte,Atmobrass Jaya,283.2,10.7,82,36000,1
ORD-50493,2022-11-22,HW-007,Handle Kuningan,Pemegang & Tombol,Kuningan (Brass),Perak Berkilat (Chrome),Atmobrass Jaya,117.7,12.5,101,210000,4
ORD-50494,2022-11-22,HW-004,Engsel Kepala Antiq,Engsel,Gangsa Antik,Perak Saten,Atmobrass Jaya,125.5,8.7,58,47000,6
ORD-50494,2022-11-22,HW-008,Handle Laci,Pemegang & Tombol,Kuningan (Brass),Coklat Gelap,Atmobrass Jaya,171.4,9.7,119,57000,8
ORD-50494,2022-11-22,HW-005,Engsel Tombak,Engsel,Gangsa Antik,Hitam Matte,Atmobrass Jaya,218.9,7.4,197,47000,6
ORD-50496,2022-11-23,HW-001,Accecoris Katak,Aksesori & Plat,Kuningan (Brass),Emas Matte,Maison Le Forge,49.9,7.0,114,28000,1
ORD-50497,2022-11-25,HW-005,Engsel Tombak,Engsel,Gangsa Antik,Perak Saten,Atmobrass Jaya,129.1,9.9,15,47000,3
ORD-50499,2022-11-28,HW-012,Roda Troli Alumunium,Roda & Kaki Perabot,Aluminium,Perak Berkilat (Chrome),Atmobrass Jaya,400.7,8.2,59,34000,8
ORD-50500,2022-11-30,HW-009,Handle Peti,Pemegang & Tombol,Kuningan (Brass),Hitam Matte,Atmobrass Jaya,246.0,9.5,178,90000,3
ORD-50500,2022-11-30,HW-010,Hanger Kapstok,Aksesori & Plat,Besi,Perak Saten,Atmobrass Jaya,29.8,4.6,114,19000,1
ORD-50501,2022-11-30,HW-012,Roda Troli Alumunium,Roda & Kaki Perabot,Aluminium,Perak Saten,Maison Le Forge,453.0,8.2,144,34000,2
ORD-50502,2022-12-03,HW-002,Bintang,Aksesori & Plat,Kuningan (Brass),Perak Saten,Atmobrass Jaya,53.1,5.7,15,25000,2
ORD-50503,2022-12-06,HW-012,Roda Troli Alumunium,Roda & Kaki Perabot,Aluminium,Emas Matte,Atmobrass Jaya,237.3,12.5,190,34000,2
ORD-50503,2022-12-06,HW-001,Accecoris Katak,Aksesori & Plat,Kuningan (Brass),Emas Berkilat,Atmobrass Jaya,102.5,9.7,70,28000,6
ORD-50504,2022-12-11,HW-005,Engsel Tombak,Engsel,Gangsa Antik,Perak Saten,Maison Le Forge,195.0,8.6,128,47000,6
ORD-50505,2022-12-12,HW-010,Hanger Kapstok,Aksesori & Plat,Besi,Perak Saten,Atmobrass Jaya,62.0,4.2,43,19000,1
ORD-50505,2022-12-12,HW-013,Roda Troli Kuningan,Roda & Kaki Perabot,Kuningan (Brass),Perak Berkilat (Chrome),Atmobrass Jaya,339.8,10.2,141,97000,4
ORD-50506,2022-12-12,HW-007,Handle Kuningan,Pemegang & Tombol,Kuningan (Brass),Coklat Gelap,Atmobrass Jaya,276.2,10.5,137,210000,7
ORD-50506,2022-12-12,HW-006,Handle Arsip Kuningan,Pemegang & Tombol,Kuningan (Brass),Emas Matte,Atmobrass Jaya,156.6,12.0,188,36000,7
ORD-50507,2022-12-12,HW-004,Engsel Kepala Antiq,Engsel,Gangsa Antik,Hitam Matte,Atmobrass Jaya,157.2,10.9,14,47000,10
ORD-50507,2022-12-12,HW-006,Handle Arsip Kuningan,Pemegang & Tombol,Kuningan (Brass),Emas Matte,Atmobrass Jaya,80.8,14.4,63,36000,10
ORD-50508,2022-12-13,HW-006,Handle Arsip Kuningan,Pemegang & Tombol,Kuningan (Brass),Coklat Gelap,Atmobrass Jaya,122.0,13.1,102,36000,2
ORD-50509,2022-12-13,HW-003,Engsel Jahit,Engsel,Besi,Perak Berkilat (Chrome),Atmobrass Jaya,93.1,10.1,151,32000,1
ORD-50510,2022-12-13,HW-010,Hanger Kapstok,Aksesori & Plat,Besi,Perak Saten,Heritage Series,32.6,8.0,50,19000,7
ORD-50511,2022-12-14,HW-002,Bintang,Aksesori & Plat,Kuningan (Brass),Coklat Gelap,Atmobrass Jaya,106.2,5.9,86,25000,7
ORD-50512,2022-12-14,HW-002,Bintang,Aksesori & Plat,Kuningan (Brass),Perak Berkilat (Chrome),Atmobrass Jaya,138.9,7.5,87,25000,9
ORD-50513,2022-12-14,HW-006,Handle Arsip Kuningan,Pemegang & Tombol,Kuningan (Brass),Coklat Gelap,Atmobrass Jaya,120.3,11.1,92,36000,7
ORD-50514,2022-12-15,HW-006,Handle Arsip Kuningan,Pemegang & Tombol,Kuningan (Brass),Coklat Gelap,Atmobrass Jaya,273.4,9.6,61,36000,7
ORD-50514,2022-12-15,HW-009,Handle Peti,Pemegang & Tombol,Kuningan (Brass),Emas Matte,Atmobrass Jaya,294.4,11.8,135,90000,8
ORD-50516,2022-12-16,HW-008,Handle Laci,Pemegang & Tombol,Kuningan (Brass),Hitam Matte,Atmobrass Jaya,99.6,8.8,82,57000,1
ORD-50516,2022-12-16,HW-010,Hanger Kapstok,Aksesori & Plat,Besi,Emas Matte,Atmobrass Jaya,54.9,7.3,35,19000,3
ORD-50517,2022-12-17,HW-007,Handle Kuningan,Pemegang & Tombol,Kuningan (Brass),Coklat Gelap,Atmobrass Jaya,242.3,7.9,28,210000,8
ORD-50518,2022-12-18,HW-011,Kotak Kuningan,Aksesori & Plat,Kuningan (Brass),Perak Saten,Atmobrass Jaya,140.1,7.0,189,48000,8
ORD-50518,2022-12-18,HW-007,Handle Kuningan,Pemegang & Tombol,Kuningan (Brass),Hitam Matte,Atmobrass Jaya,243.3,10.6,18,210000,3
ORD-50519,2022-12-18,HW-008,Handle Laci,Pemegang & Tombol,Kuningan (Brass),Coklat Gelap,Atmobrass Jaya,213.7,9.4,153,57000,6
ORD-50519,2022-12-18,HW-007,Handle Kuningan,Pemegang & Tombol,Kuningan (Brass),Emas Matte,Atmobrass Jaya,269.5,9.3,104,210000,5
ORD-50520,2022-12-19,HW-002,Bintang,Aksesori & Plat,Kuningan (Brass),Perak Saten,Atmobrass Jaya,26.3,6.4,95,25000,5
ORD-50520,2022-12-19,HW-012,Roda Troli Alumunium,Roda & Kaki Perabot,Aluminium,Coklat Gelap,Modern Hardware,221.7,9.1,44,34000,7
ORD-50522,2022-12-22,HW-002,Bintang,Aksesori & Plat,Kuningan (Brass),Perak Berkilat (Chrome),Atmobrass Jaya,127.4,6.2,43,25000,10
ORD-50524,2022-12-23,HW-009,Handle Peti,Pemegang & Tombol,Kuningan (Brass),Hitam Matte,Heritage Series,240.2,10.0,12,90000,5
ORD-50526,2022-12-25,HW-008,Handle Laci,Pemegang & Tombol,Kuningan (Brass),Perak Berkilat (Chrome),Atmobrass Jaya,103.5,11.6,75,57000,2
ORD-50527,2022-12-27,HW-002,Bintang,Aksesori & Plat,Kuningan (Brass),Perak Berkilat (Chrome),Atmobrass Jaya,21.4,4.0,46,25000,5
ORD-50528,2022-12-27,HW-002,Bintang,Aksesori & Plat,Kuningan (Brass),Hitam Matte,Atmobrass Jaya,86.6,4.7,152,25000,10
ORD-50531,2023-01-03,HW-005,Engsel Tombak,Engsel,Gangsa Antik,Emas Matte,Atmobrass Jaya,88.2,12.0,60,47000,5
ORD-50532,2023-01-04,HW-006,Handle Arsip Kuningan,Pemegang & Tombol,Kuningan (Brass),Hitam Matte,Atmobrass Jaya,254.2,7.3,148,36000,6
ORD-50534,2023-01-07,HW-003,Engsel Jahit,Engsel,Besi,Perak Saten,Atmobrass Jaya,84.1,10.0,134,32000,2
ORD-50538,2023-01-14,HW-004,Engsel Kepala Antiq,Engsel,Gangsa Antik,Perak Saten,Atmobrass Jaya,92.9,10.6,84,47000,2
ORD-50539,2023-01-15,HW-009,Handle Peti,Pemegang & Tombol,Kuningan (Brass),Emas Matte,Atmobrass Jaya,180.1,11.8,122,90000,3
ORD-50540,2023-01-17,HW-012,Roda Troli Alumunium,Roda & Kaki Perabot,Aluminium,Hitam Matte,Atmobrass Jaya,264.7,11.6,35,34000,2
ORD-50540,2023-01-17,HW-005,Engsel Tombak,Engsel,Gangsa Antik,Emas Berkilat,Atmobrass Jaya,122.4,9.7,128,47000,9
ORD-50540,2023-01-17,HW-001,Accecoris Katak,Aksesori & Plat,Kuningan (Brass),Perak Saten,Atmobrass Jaya,117.1,4.8,51,28000,8
ORD-50542,2023-01-24,HW-011,Kotak Kuningan,Aksesori & Plat,Kuningan (Brass),Emas Matte,Atmobrass Jaya,83.7,5.9,111,48000,9
ORD-50544,2023-01-27,HW-009,Handle Peti,Pemegang & Tombol,Kuningan (Brass),Hitam Matte,Atmobrass Jaya,220.7,10.5,27,90000,2
ORD-50545,2023-01-28,HW-009,Handle Peti,Pemegang & Tombol,Kuningan (Brass),Emas Berkilat,Atmobrass Jaya,260.7,7.3,38,90000,7
ORD-50545,2023-01-28,HW-001,Accecoris Katak,Aksesori & Plat,Kuningan (Brass),Perak Berkilat (Chrome),Atmobrass Jaya,123.6,5.3,171,28000,5
ORD-50546,2023-01-28,HW-013,Roda Troli Kuningan,Roda & Kaki Perabot,Kuningan (Brass),Coklat Gelap,Atmobrass Jaya,284.0,10.8,143,97000,5
ORD-50546,2023-01-28,HW-010,Hanger Kapstok,Aksesori & Plat,Besi,Emas Berkilat,Maison Le Forge,116.7,8.5,71,19000,6
ORD-50548,2023-01-29,HW-008,Handle Laci,Pemegang & Tombol,Kuningan (Brass),Coklat Gelap,Atmobrass Jaya,220.2,13.4,101,57000,6
ORD-50548,2023-01-29,HW-006,Handle Arsip Kuningan,Pemegang & Tombol,Kuningan (Brass),Emas Berkilat,Maison Le Forge,131.2,10.1,90,36000,9
ORD-50549,2023-01-31,HW-010,Hanger Kapstok,Aksesori & Plat,Besi,Hitam Matte,Atmobrass Jaya,120.7,7.9,186,19000,1
ORD-50550,2023-02-01,HW-008,Handle Laci,Pemegang & Tombol,Kuningan (Brass),Emas Matte,Atmobrass Jaya,102.4,13.8,78,57000,9
ORD-50552,2023-02-01,HW-010,Hanger Kapstok,Aksesori & Plat,Besi,Perak Saten,Atmobrass Jaya,43.9,5.0,92,19000,5
ORD-50553,2023-02-02,HW-012,Roda Troli Alumunium,Roda & Kaki Perabot,Aluminium,Emas Berkilat,Atmobrass Jaya,389.0,11.8,103,34000,6
ORD-50553,2023-02-02,HW-013,Roda Troli Kuningan,Roda & Kaki Perabot,Kuningan (Brass),Perak Saten,Modern Hardware,204.1,9.3,20,97000,5
ORD-50553,2023-02-02,HW-007,Handle Kuningan,Pemegang & Tombol,Kuningan (Brass),Hitam Matte,Atmobrass Jaya,168.9,12.3,53,210000,9
ORD-50555,2023-02-05,HW-009,Handle Peti,Pemegang & Tombol,Kuningan (Brass),Emas Berkilat,Atmobrass Jaya,181.3,12.2,198,90000,2
ORD-50555,2023-02-05,HW-011,Kotak Kuningan,Aksesori & Plat,Kuningan (Brass),Hitam Matte,Atmobrass Jaya,131.6,8.8,54,48000,8
ORD-50556,2023-02-05,HW-003,Engsel Jahit,Engsel,Besi,Emas Berkilat,Atmobrass Jaya,252.6,9.3,34,32000,5
ORD-50557,2023-02-09,HW-006,Handle Arsip Kuningan,Pemegang & Tombol,Kuningan (Brass),Hitam Matte,Atmobrass Jaya,103.2,9.7,195,36000,1
ORD-50559,2023-02-10,HW-002,Bintang,Aksesori & Plat,Kuningan (Brass),Coklat Gelap,Atmobrass Jaya,75.3,8.8,163,25000,2
ORD-50560,2023-02-11,HW-008,Handle Laci,Pemegang & Tombol,Kuningan (Brass),Emas Matte,Atmobrass Jaya,288.1,8.9,83,57000,6
ORD-50560,2023-02-11,HW-013,Roda Troli Kuningan,Roda & Kaki Perabot,Kuningan (Brass),Perak Saten,Atmobrass Jaya,316.9,9.3,117,97000,1
ORD-50562,2023-02-14,HW-009,Handle Peti,Pemegang & Tombol,Kuningan (Brass),Perak Saten,Atmobrass Jaya,142.6,9.0,20,90000,3
ORD-50562,2023-02-14,HW-010,Hanger Kapstok,Aksesori & Plat,Besi,Emas Berkilat,Atmobrass Jaya,48.5,4.1,85,19000,4
ORD-50563,2023-02-20,HW-004,Engsel Kepala Antiq,Engsel,Gangsa Antik,Emas Berkilat,Atmobrass Jaya,128.3,14.5,10,47000,5
ORD-50563,2023-02-20,HW-010,Hanger Kapstok,Aksesori & Plat,Besi,Hitam Matte,Atmobrass Jaya,146.8,8.8,141,19000,8
ORD-50563,2023-02-20,HW-004,Engsel Kepala Antiq,Engsel,Gangsa Antik,Emas Berkilat,Atmobrass Jaya,267.0,13.0,46,47000,4
ORD-50564,2023-02-22,HW-008,Handle Laci,Pemegang & Tombol,Kuningan (Brass),Perak Berkilat (Chrome),Atmobrass Jaya,221.1,8.1,57,57000,7
ORD-50564,2023-02-22,HW-004,Engsel Kepala Antiq,Engsel,Gangsa Antik,Emas Matte,Atmobrass Jaya,121.5,14.4,15,47000,1
ORD-50564,2023-02-22,HW-006,Handle Arsip Kuningan,Pemegang & Tombol,Kuningan (Brass),Emas Matte,Atmobrass Jaya,275.6,13.3,188,36000,8
ORD-50565,2023-02-22,HW-004,Engsel Kepala Antiq,Engsel,Gangsa Antik,Emas Matte,Atmobrass Jaya,165.6,11.3,129,47000,3
ORD-50566,2023-02-23,HW-001,Accecoris Katak,Aksesori & Plat,Kuningan (Brass),Coklat Gelap,Atmobrass Jaya,99.8,4.7,35,28000,2
ORD-50566,2023-02-23,HW-003,Engsel Jahit,Engsel,Besi,Perak Berkilat (Chrome),Atmobrass Jaya,271.3,7.9,133,32000,7
ORD-50566,2023-02-23,HW-011,Kotak Kuningan,Aksesori & Plat,Kuningan (Brass),Hitam Matte,Atmobrass Jaya,132.4,5.5,192,48000,6
ORD-50568,2023-02-24,HW-006,Handle Arsip Kuningan,Pemegang & Tombol,Kuningan (Brass),Hitam Matte,Heritage Series,109.5,10.1,171,36000,6
ORD-50569,2023-02-24,HW-013,Roda Troli Kuningan,Roda & Kaki Perabot,Kuningan (Brass),Coklat Gelap,Atmobrass Jaya,389.4,8.5,140,97000,8
ORD-50569,2023-02-24,HW-009,Handle Peti,Pemegang & Tombol,Kuningan (Brass),Emas Berkilat,Atmobrass Jaya,217.0,13.0,76,90000,5
ORD-50570,2023-02-26,HW-011,Kotak Kuningan,Aksesori & Plat,Kuningan (Brass),Perak Saten,Modern Hardware,43.1,5.2,139,48000,10
ORD-50572,2023-02-27,HW-011,Kotak Kuningan,Aksesori & Plat,Kuningan (Brass),Hitam Matte,Atmobrass Jaya,137.9,9.5,141,48000,2
ORD-50573,2023-03-01,HW-001,Accecoris Katak,Aksesori & Plat,Kuningan (Brass),Hitam Matte,Atmobrass Jaya,99.0,5.1,11,28000,10
ORD-50575,2023-03-03,HW-011,Kotak Kuningan,Aksesori & Plat,Kuningan (Brass),Perak Berkilat (Chrome),Atmobrass Jaya,111.0,7.1,102,48000,5
ORD-50576,2023-03-05,HW-013,Roda Troli Kuningan,Roda & Kaki Perabot,Kuningan (Brass),Emas Matte,Modern Hardware,304.7,9.2,65,97000,8
ORD-50576,2023-03-05,HW-012,Roda Troli Alumunium,Roda & Kaki Perabot,Aluminium,Coklat Gelap,Atmobrass Jaya,251.5,12.1,100,34000,1
ORD-50577,2023-03-06,HW-013,Roda Troli Kuningan,Roda & Kaki Perabot,Kuningan (Brass),Perak Saten,Atmobrass Jaya,366.6,11.9,177,97000,9
ORD-50577,2023-03-06,HW-009,Handle Peti,Pemegang & Tombol,Kuningan (Brass),Emas Matte,Heritage Series,181.7,9.0,95,90000,1
ORD-50578,2023-03-08,HW-005,Engsel Tombak,Engsel,Gangsa Antik,Emas Matte,Heritage Series,150.4,13.1,35,47000,10
ORD-50579,2023-03-08,HW-007,Handle Kuningan,Pemegang & Tombol,Kuningan (Brass),Coklat Gelap,Atmobrass Jaya,165.9,8.2,60,210000,9
ORD-50581,2023-03-08,HW-010,Hanger Kapstok,Aksesori & Plat,Besi,Emas Matte,Atmobrass Jaya,39.8,8.0,52,19000,2
ORD-50582,2023-03-09,HW-013,Roda Troli Kuningan,Roda & Kaki Perabot,Kuningan (Brass),Coklat Gelap,Heritage Series,488.7,9.6,56,97000,3
ORD-50582,2023-03-09,HW-004,Engsel Kepala Antiq,Engsel,Gangsa Antik,Perak Saten,Maison Le Forge,262.6,8.5,190,47000,6
ORD-50582,2023-03-09,HW-011,Kotak Kuningan,Aksesori & Plat,Kuningan (Brass),Emas Berkilat,Maison Le Forge,37.9,8.2,130,48000,5
ORD-50583,2023-03-10,HW-005,Engsel Tombak,Engsel,Gangsa Antik,Perak Saten,Atmobrass Jaya,215.6,10.7,112,47000,2
ORD-50583,2023-03-10,HW-010,Hanger Kapstok,Aksesori & Plat,Besi,Hitam Matte,Heritage Series,38.8,5.9,14,19000,3
ORD-50585,2023-03-11,HW-003,Engsel Jahit,Engsel,Besi,Hitam Matte,Atmobrass Jaya,261.2,9.5,132,32000,9
ORD-50588,2023-03-15,HW-004,Engsel Kepala Antiq,Engsel,Gangsa Antik,Emas Matte,Atmobrass Jaya,107.0,14.9,179,47000,8
ORD-50589,2023-03-16,HW-010,Hanger Kapstok,Aksesori & Plat,Besi,Emas Berkilat,Atmobrass Jaya,27.1,4.8,117,19000,7
ORD-50590,2023-03-16,HW-002,Bintang,Aksesori & Plat,Kuningan (Brass),Emas Matte,Atmobrass Jaya,91.5,8.5,86,25000,6
ORD-50591,2023-03-17,HW-005,Engsel Tombak,Engsel,Gangsa Antik,Emas Berkilat,Heritage Series,282.4,11.8,74,47000,6
ORD-50593,2023-03-23,HW-010,Hanger Kapstok,Aksesori & Plat,Besi,Perak Saten,Heritage Series,133.9,5.7,22,19000,9
ORD-50593,2023-03-23,HW-004,Engsel Kepala Antiq,Engsel,Gangsa Antik,Hitam Matte,Atmobrass Jaya,294.6,13.2,160,47000,2
ORD-50595,2023-03-24,HW-013,Roda Troli Kuningan,Roda & Kaki Perabot,Kuningan (Brass),Emas Berkilat,Atmobrass Jaya,350.7,9.6,46,97000,7
ORD-50595,2023-03-24,HW-005,Engsel Tombak,Engsel,Gangsa Antik,Coklat Gelap,Atmobrass Jaya,287.7,7.7,171,47000,1
ORD-50596,2023-03-26,HW-006,Handle Arsip Kuningan,Pemegang & Tombol,Kuningan (Brass),Emas Matte,Atmobrass Jaya,169.3,14.2,192,36000,5
ORD-50599,2023-03-29,HW-011,Kotak Kuningan,Aksesori & Plat,Kuningan (Brass),Emas Berkilat,Modern Hardware,94.0,6.4,140,48000,7
ORD-50600,2023-03-29,HW-009,Handle Peti,Pemegang & Tombol,Kuningan (Brass),Emas Matte,Atmobrass Jaya,276.8,11.3,137,90000,3
ORD-50600,2023-03-29,HW-006,Handle Arsip Kuningan,Pemegang & Tombol,Kuningan (Brass),Perak Berkilat (Chrome),Atmobrass Jaya,136.1,10.3,40,36000,8
ORD-50601,2023-03-31,HW-006,Handle Arsip Kuningan,Pemegang & Tombol,Kuningan (Brass),Emas Matte,Atmobrass Jaya,244.5,8.9,56,36000,2
ORD-50603,2023-04-01,HW-008,Handle Laci,Pemegang & Tombol,Kuningan (Brass),Perak Berkilat (Chrome),Atmobrass Jaya,168.8,12.3,79,57000,3
ORD-50604,2023-04-02,HW-008,Handle Laci,Pemegang & Tombol,Kuningan (Brass),Emas Berkilat,Atmobrass Jaya,258.5,8.3,173,57000,2
ORD-50606,2023-04-05,HW-002,Bintang,Aksesori & Plat,Kuningan (Brass),Perak Berkilat (Chrome),Atmobrass Jaya,81.9,9.8,114,25000,3
ORD-50606,2023-04-05,HW-001,Accecoris Katak,Aksesori & Plat,Kuningan (Brass),Perak Saten,Atmobrass Jaya,85.7,8.1,64,28000,1
ORD-50606,2023-04-05,HW-009,Handle Peti,Pemegang & Tombol,Kuningan (Brass),Hitam Matte,Atmobrass Jaya,181.6,7.4,177,90000,8
ORD-50607,2023-04-06,HW-013,Roda Troli Kuningan,Roda & Kaki Perabot,Kuningan (Brass),Hitam Matte,Atmobrass Jaya,392.3,10.9,183,97000,2
ORD-50608,2023-04-07,HW-002,Bintang,Aksesori & Plat,Kuningan (Brass),Emas Berkilat,Maison Le Forge,106.1,9.2,146,25000,8
ORD-50609,2023-04-10,HW-011,Kotak Kuningan,Aksesori & Plat,Kuningan (Brass),Perak Saten,Atmobrass Jaya,137.3,5.1,57,48000,7
ORD-50610,2023-04-12,HW-003,Engsel Jahit,Engsel,Besi,Coklat Gelap,Atmobrass Jaya,189.8,7.7,47,32000,7
ORD-50612,2023-04-14,HW-008,Handle Laci,Pemegang & Tombol,Kuningan (Brass),Hitam Matte,Heritage Series,121.9,9.6,130,57000,6
ORD-50612,2023-04-14,HW-007,Handle Kuningan,Pemegang & Tombol,Kuningan (Brass),Perak Berkilat (Chrome),Atmobrass Jaya,152.1,14.7,49,210000,2
ORD-50612,2023-04-14,HW-004,Engsel Kepala Antiq,Engsel,Gangsa Antik,Emas Berkilat,Atmobrass Jaya,242.7,8.5,127,47000,1
ORD-50613,2023-04-18,HW-013,Roda Troli Kuningan,Roda & Kaki Perabot,Kuningan (Brass),Emas Berkilat,Atmobrass Jaya,348.4,8.4,161,97000,7
ORD-50613,2023-04-18,HW-011,Kotak Kuningan,Aksesori & Plat,Kuningan (Brass),Coklat Gelap,Atmobrass Jaya,147.6,8.4,105,48000,10
ORD-50614,2023-04-19,HW-001,Accecoris Katak,Aksesori & Plat,Kuningan (Brass),Emas Berkilat,Atmobrass Jaya,59.6,7.6,184,28000,2
ORD-50615,2023-04-20,HW-009,Handle Peti,Pemegang & Tombol,Kuningan (Brass),Perak Saten,Atmobrass Jaya,197.5,12.4,34,90000,2
ORD-50615,2023-04-20,HW-003,Engsel Jahit,Engsel,Besi,Emas Matte,Atmobrass Jaya,277.8,12.6,162,32000,7
ORD-50618,2023-04-23,HW-010,Hanger Kapstok,Aksesori & Plat,Besi,Perak Berkilat (Chrome),Atmobrass Jaya,24.4,7.5,74,19000,9
ORD-50618,2023-04-23,HW-006,Handle Arsip Kuningan,Pemegang & Tombol,Kuningan (Brass),Emas Berkilat,Atmobrass Jaya,276.6,8.8,133,36000,5
ORD-50619,2023-04-25,HW-001,Accecoris Katak,Aksesori & Plat,Kuningan (Brass),Hitam Matte,Atmobrass Jaya,53.4,5.1,88,28000,8
ORD-50622,2023-05-05,HW-010,Hanger Kapstok,Aksesori & Plat,Besi,Perak Berkilat (Chrome),Atmobrass Jaya,93.3,5.6,18,19000,7
ORD-50623,2023-05-07,HW-006,Handle Arsip Kuningan,Pemegang & Tombol,Kuningan (Brass),Emas Berkilat,Heritage Series,129.0,7.4,89,36000,4
ORD-50624,2023-05-07,HW-012,Roda Troli Alumunium,Roda & Kaki Perabot,Aluminium,Coklat Gelap,Atmobrass Jaya,469.6,11.7,190,34000,1
ORD-50624,2023-05-07,HW-003,Engsel Jahit,Engsel,Besi,Hitam Matte,Atmobrass Jaya,118.4,7.4,181,32000,1
ORD-50625,2023-05-10,HW-012,Roda Troli Alumunium,Roda & Kaki Perabot,Aluminium,Hitam Matte,Atmobrass Jaya,319.3,8.2,175,34000,8
ORD-50625,2023-05-10,HW-003,Engsel Jahit,Engsel,Besi,Emas Berkilat,Atmobrass Jaya,287.9,9.5,99,32000,3
ORD-50626,2023-05-10,HW-006,Handle Arsip Kuningan,Pemegang & Tombol,Kuningan (Brass),Perak Saten,Heritage Series,140.1,8.8,48,36000,5
ORD-50626,2023-05-10,HW-010,Hanger Kapstok,Aksesori & Plat,Besi,Emas Berkilat,Maison Le Forge,36.4,6.5,106,19000,4
ORD-50627,2023-05-10,HW-006,Handle Arsip Kuningan,Pemegang & Tombol,Kuningan (Brass),Perak Berkilat (Chrome),Atmobrass Jaya,134.8,11.7,30,36000,9
ORD-50629,2023-05-12,HW-012,Roda Troli Alumunium,Roda & Kaki Perabot,Aluminium,Emas Matte,Atmobrass Jaya,493.1,11.4,60,34000,8
ORD-50630,2023-05-12,HW-005,Engsel Tombak,Engsel,Gangsa Antik,Emas Matte,Atmobrass Jaya,90.7,10.9,82,47000,4
ORD-50631,2023-05-14,HW-005,Engsel Tombak,Engsel,Gangsa Antik,Coklat Gelap,Atmobrass Jaya,82.8,10.3,145,47000,5
ORD-50631,2023-05-14,HW-013,Roda Troli Kuningan,Roda & Kaki Perabot,Kuningan (Brass),Emas Berkilat,Atmobrass Jaya,235.1,10.8,91,97000,10
ORD-50632,2023-05-14,HW-010,Hanger Kapstok,Aksesori & Plat,Besi,Emas Matte,Heritage Series,89.8,7.2,28,19000,5
ORD-50633,2023-05-16,HW-006,Handle Arsip Kuningan,Pemegang & Tombol,Kuningan (Brass),Emas Berkilat,Atmobrass Jaya,86.7,10.0,118,36000,6
ORD-50634,2023-05-17,HW-007,Handle Kuningan,Pemegang & Tombol,Kuningan (Brass),Emas Berkilat,Heritage Series,104.5,8.7,17,210000,8
ORD-50637,2023-05-22,HW-004,Engsel Kepala Antiq,Engsel,Gangsa Antik,Emas Matte,Atmobrass Jaya,136.1,12.8,45,47000,4
ORD-50640,2023-05-25,HW-008,Handle Laci,Pemegang & Tombol,Kuningan (Brass),Hitam Matte,Maison Le Forge,246.8,12.0,17,57000,3
ORD-50641,2023-05-25,HW-005,Engsel Tombak,Engsel,Gangsa Antik,Perak Berkilat (Chrome),Atmobrass Jaya,111.1,10.7,77,47000,10
ORD-50642,2023-05-27,HW-010,Hanger Kapstok,Aksesori & Plat,Besi,Emas Berkilat,Atmobrass Jaya,133.3,7.6,135,19000,10
ORD-50642,2023-05-27,HW-005,Engsel Tombak,Engsel,Gangsa Antik,Perak Saten,Atmobrass Jaya,113.5,12.1,101,47000,2
ORD-50643,2023-05-28,HW-005,Engsel Tombak,Engsel,Gangsa Antik,Emas Berkilat,Atmobrass Jaya,236.2,7.7,145,47000,1
ORD-50644,2023-05-29,HW-011,Kotak Kuningan,Aksesori & Plat,Kuningan (Brass),Emas Berkilat,Atmobrass Jaya,63.8,7.1,50,48000,10
ORD-50644,2023-05-29,HW-006,Handle Arsip Kuningan,Pemegang & Tombol,Kuningan (Brass),Hitam Matte,Atmobrass Jaya,237.0,7.7,121,36000,3
ORD-50646,2023-06-01,HW-010,Hanger Kapstok,Aksesori & Plat,Besi,Perak Saten,Atmobrass Jaya,23.0,8.3,148,19000,5
ORD-50646,2023-06-01,HW-006,Handle Arsip Kuningan,Pemegang & Tombol,Kuningan (Brass),Emas Matte,Atmobrass Jaya,214.5,8.1,125,36000,6
ORD-50647,2023-06-01,HW-005,Engsel Tombak,Engsel,Gangsa Antik,Emas Berkilat,Atmobrass Jaya,114.9,14.1,60,47000,1
ORD-50648,2023-06-02,HW-012,Roda Troli Alumunium,Roda & Kaki Perabot,Aluminium,Coklat Gelap,Atmobrass Jaya,346.9,8.3,31,34000,9
ORD-50650,2023-06-04,HW-012,Roda Troli Alumunium,Roda & Kaki Perabot,Aluminium,Emas Matte,Atmobrass Jaya,387.0,12.8,155,34000,1
ORD-50650,2023-06-04,HW-009,Handle Peti,Pemegang & Tombol,Kuningan (Brass),Perak Saten,Atmobrass Jaya,284.8,7.1,16,90000,10
ORD-50651,2023-06-04,HW-003,Engsel Jahit,Engsel,Besi,Perak Berkilat (Chrome),Atmobrass Jaya,171.1,12.1,128,32000,2
ORD-50651,2023-06-04,HW-008,Handle Laci,Pemegang & Tombol,Kuningan (Brass),Hitam Matte,Atmobrass Jaya,197.7,8.7,52,57000,3
ORD-50653,2023-06-05,HW-001,Accecoris Katak,Aksesori & Plat,Kuningan (Brass),Perak Berkilat (Chrome),Atmobrass Jaya,85.5,6.8,195,28000,3
ORD-50654,2023-06-06,HW-007,Handle Kuningan,Pemegang & Tombol,Kuningan (Brass),Hitam Matte,Atmobrass Jaya,173.2,8.9,91,210000,8
ORD-50654,2023-06-06,HW-001,Accecoris Katak,Aksesori & Plat,Kuningan (Brass),Hitam Matte,Atmobrass Jaya,44.1,5.5,71,28000,9
ORD-50655,2023-06-07,HW-008,Handle Laci,Pemegang & Tombol,Kuningan (Brass),Perak Saten,Atmobrass Jaya,205.6,13.3,75,57000,4
ORD-50655,2023-06-07,HW-009,Handle Peti,Pemegang & Tombol,Kuningan (Brass),Hitam Matte,Atmobrass Jaya,267.4,14.9,36,90000,9
ORD-50656,2023-06-07,HW-008,Handle Laci,Pemegang & Tombol,Kuningan (Brass),Emas Berkilat,Maison Le Forge,137.3,11.0,49,57000,5
ORD-50656,2023-06-07,HW-001,Accecoris Katak,Aksesori & Plat,Kuningan (Brass),Hitam Matte,Atmobrass Jaya,145.5,5.7,153,28000,2
ORD-50657,2023-06-10,HW-007,Handle Kuningan,Pemegang & Tombol,Kuningan (Brass),Perak Berkilat (Chrome),Atmobrass Jaya,132.9,9.8,142,210000,9
ORD-50657,2023-06-10,HW-008,Handle Laci,Pemegang & Tombol,Kuningan (Brass),Emas Berkilat,Atmobrass Jaya,101.4,13.1,18,57000,3
ORD-50658,2023-06-11,HW-013,Roda Troli Kuningan,Roda & Kaki Perabot,Kuningan (Brass),Perak Saten,Modern Hardware,222.7,13.3,31,97000,3
ORD-50659,2023-06-11,HW-009,Handle Peti,Pemegang & Tombol,Kuningan (Brass),Emas Matte,Atmobrass Jaya,194.9,9.7,16,90000,9
ORD-50660,2023-06-11,HW-005,Engsel Tombak,Engsel,Gangsa Antik,Hitam Matte,Atmobrass Jaya,200.6,14.7,32,47000,8
ORD-50660,2023-06-11,HW-006,Handle Arsip Kuningan,Pemegang & Tombol,Kuningan (Brass),Perak Berkilat (Chrome),Atmobrass Jaya,197.1,7.3,96,36000,9
ORD-50662,2023-06-13,HW-007,Handle Kuningan,Pemegang & Tombol,Kuningan (Brass),Hitam Matte,Heritage Series,274.5,12.3,91,210000,6
ORD-50663,2023-06-13,HW-009,Handle Peti,Pemegang & Tombol,Kuningan (Brass),Hitam Matte,Atmobrass Jaya,98.6,9.9,138,90000,8
ORD-50664,2023-06-13,HW-010,Hanger Kapstok,Aksesori & Plat,Besi,Emas Berkilat,Atmobrass Jaya,107.8,8.1,155,19000,10
ORD-50665,2023-06-14,HW-001,Accecoris Katak,Aksesori & Plat,Kuningan (Brass),Perak Saten,Atmobrass Jaya,72.1,4.7,77,28000,6
ORD-50666,2023-06-14,HW-011,Kotak Kuningan,Aksesori & Plat,Kuningan (Brass),Emas Berkilat,Atmobrass Jaya,74.3,5.2,137,48000,5
ORD-50666,2023-06-14,HW-007,Handle Kuningan,Pemegang & Tombol,Kuningan (Brass),Emas Matte,Atmobrass Jaya,164.1,13.7,94,210000,5
ORD-50668,2023-06-17,HW-009,Handle Peti,Pemegang & Tombol,Kuningan (Brass),Hitam Matte,Atmobrass Jaya,192.2,14.4,199,90000,8
ORD-50668,2023-06-17,HW-006,Handle Arsip Kuningan,Pemegang & Tombol,Kuningan (Brass),Perak Saten,Atmobrass Jaya,241.7,9.2,159,36000,2
ORD-50669,2023-06-17,HW-006,Handle Arsip Kuningan,Pemegang & Tombol,Kuningan (Brass),Perak Berkilat (Chrome),Atmobrass Jaya,206.4,9.9,90,36000,3
ORD-50670,2023-06-19,HW-012,Roda Troli Alumunium,Roda & Kaki Perabot,Aluminium,Coklat Gelap,Heritage Series,496.3,11.4,73,34000,8
ORD-50670,2023-06-19,HW-008,Handle Laci,Pemegang & Tombol,Kuningan (Brass),Perak Saten,Atmobrass Jaya,211.6,7.2,25,57000,8
ORD-50671,2023-06-19,HW-012,Roda Troli Alumunium,Roda & Kaki Perabot,Aluminium,Perak Berkilat (Chrome),Atmobrass Jaya,478.3,12.8,56,34000,2
ORD-50672,2023-06-19,HW-013,Roda Troli Kuningan,Roda & Kaki Perabot,Kuningan (Brass),Emas Matte,Atmobrass Jaya,384.3,12.4,47,97000,1
ORD-50673,2023-06-21,HW-002,Bintang,Aksesori & Plat,Kuningan (Brass),Emas Matte,Atmobrass Jaya,24.4,4.4,184,25000,8
ORD-50673,2023-06-21,HW-007,Handle Kuningan,Pemegang & Tombol,Kuningan (Brass),Emas Berkilat,Atmobrass Jaya,253.7,8.0,99,210000,3
ORD-50675,2023-06-24,HW-012,Roda Troli Alumunium,Roda & Kaki Perabot,Aluminium,Emas Berkilat,Atmobrass Jaya,419.0,12.4,126,34000,9
ORD-50675,2023-06-24,HW-012,Roda Troli Alumunium,Roda & Kaki Perabot,Aluminium,Perak Saten,Atmobrass Jaya,426.7,13.9,175,34000,5
ORD-50676,2023-06-25,HW-013,Roda Troli Kuningan,Roda & Kaki Perabot,Kuningan (Brass),Perak Saten,Atmobrass Jaya,418.3,10.7,101,97000,10
ORD-50678,2023-06-28,HW-011,Kotak Kuningan,Aksesori & Plat,Kuningan (Brass),Perak Berkilat (Chrome),Atmobrass Jaya,50.4,7.3,23,48000,5
ORD-50679,2023-06-30,HW-012,Roda Troli Alumunium,Roda & Kaki Perabot,Aluminium,Coklat Gelap,Heritage Series,275.8,12.1,14,34000,3
ORD-50679,2023-06-30,HW-011,Kotak Kuningan,Aksesori & Plat,Kuningan (Brass),Coklat Gelap,Atmobrass Jaya,119.4,6.0,105,48000,9
ORD-50680,2023-07-02,HW-013,Roda Troli Kuningan,Roda & Kaki Perabot,Kuningan (Brass),Emas Matte,Atmobrass Jaya,200.2,13.0,132,97000,10
ORD-50682,2023-07-04,HW-007,Handle Kuningan,Pemegang & Tombol,Kuningan (Brass),Emas Matte,Atmobrass Jaya,240.8,11.4,161,210000,2
ORD-50682,2023-07-04,HW-012,Roda Troli Alumunium,Roda & Kaki Perabot,Aluminium,Perak Saten,Maison Le Forge,463.5,8.2,87,34000,7
ORD-50684,2023-07-06,HW-009,Handle Peti,Pemegang & Tombol,Kuningan (Brass),Perak Saten,Atmobrass Jaya,142.1,13.1,188,90000,9
ORD-50685,2023-07-07,HW-011,Kotak Kuningan,Aksesori & Plat,Kuningan (Brass),Coklat Gelap,Atmobrass Jaya,61.3,7.8,152,48000,1
ORD-50686,2023-07-07,HW-001,Accecoris Katak,Aksesori & Plat,Kuningan (Brass),Perak Saten,Atmobrass Jaya,96.6,9.3,99,28000,8
ORD-50687,2023-07-08,HW-007,Handle Kuningan,Pemegang & Tombol,Kuningan (Brass),Hitam Matte,Atmobrass Jaya,112.1,12.4,191,210000,3
ORD-50688,2023-07-08,HW-003,Engsel Jahit,Engsel,Besi,Emas Matte,Atmobrass Jaya,193.6,14.5,44,32000,9
ORD-50689,2023-07-08,HW-006,Handle Arsip Kuningan,Pemegang & Tombol,Kuningan (Brass),Emas Matte,Atmobrass Jaya,218.9,11.6,121,36000,2
ORD-50690,2023-07-09,HW-004,Engsel Kepala Antiq,Engsel,Gangsa Antik,Perak Berkilat (Chrome),Atmobrass Jaya,113.4,11.4,49,47000,5
ORD-50691,2023-07-11,HW-005,Engsel Tombak,Engsel,Gangsa Antik,Coklat Gelap,Heritage Series,238.0,7.2,156,47000,4
ORD-50692,2023-07-14,HW-007,Handle Kuningan,Pemegang & Tombol,Kuningan (Brass),Emas Matte,Atmobrass Jaya,161.7,8.1,197,210000,4
ORD-50693,2023-07-15,HW-009,Handle Peti,Pemegang & Tombol,Kuningan (Brass),Emas Berkilat,Atmobrass Jaya,281.6,11.4,192,90000,1
ORD-50694,2023-07-17,HW-003,Engsel Jahit,Engsel,Besi,Perak Saten,Atmobrass Jaya,299.0,14.4,172,32000,6
ORD-50695,2023-07-22,HW-011,Kotak Kuningan,Aksesori & Plat,Kuningan (Brass),Perak Berkilat (Chrome),Modern Hardware,134.2,8.1,138,48000,10
ORD-50695,2023-07-22,HW-003,Engsel Jahit,Engsel,Besi,Emas Berkilat,Atmobrass Jaya,277.6,8.0,129,32000,1
ORD-50695,2023-07-22,HW-008,Handle Laci,Pemegang & Tombol,Kuningan (Brass),Perak Berkilat (Chrome),Atmobrass Jaya,225.8,14.6,130,57000,6
ORD-50698,2023-07-25,HW-011,Kotak Kuningan,Aksesori & Plat,Kuningan (Brass),Emas Matte,Atmobrass Jaya,69.5,8.3,162,48000,4
ORD-50699,2023-07-25,HW-010,Hanger Kapstok,Aksesori & Plat,Besi,Emas Berkilat,Atmobrass Jaya,149.4,8.7,17,19000,3
ORD-50701,2023-07-28,HW-008,Handle Laci,Pemegang & Tombol,Kuningan (Brass),Perak Berkilat (Chrome),Atmobrass Jaya,180.0,10.6,191,57000,7
ORD-50705,2023-08-01,HW-003,Engsel Jahit,Engsel,Besi,Perak Saten,Atmobrass Jaya,113.9,11.2,121,32000,9
ORD-50705,2023-08-01,HW-005,Engsel Tombak,Engsel,Gangsa Antik,Coklat Gelap,Atmobrass Jaya,141.9,13.3,52,47000,7
ORD-50706,2023-08-02,HW-004,Engsel Kepala Antiq,Engsel,Gangsa Antik,Coklat Gelap,Atmobrass Jaya,124.8,14.2,25,47000,2
ORD-50707,2023-08-02,HW-001,Accecoris Katak,Aksesori & Plat,Kuningan (Brass),Coklat Gelap,Atmobrass Jaya,100.4,7.6,200,28000,4
ORD-50708,2023-08-04,HW-010,Hanger Kapstok,Aksesori & Plat,Besi,Perak Saten,Atmobrass Jaya,48.5,6.1,183,19000,6
ORD-50710,2023-08-09,HW-005,Engsel Tombak,Engsel,Gangsa Antik,Emas Matte,Atmobrass Jaya,169.7,10.0,47,47000,5
ORD-50711,2023-08-10,HW-006,Handle Arsip Kuningan,Pemegang & Tombol,Kuningan (Brass),Coklat Gelap,Atmobrass Jaya,104.5,9.8,19,36000,6
ORD-50711,2023-08-10,HW-002,Bintang,Aksesori & Plat,Kuningan (Brass),Emas Berkilat,Atmobrass Jaya,89.8,6.0,40,25000,3
ORD-50713,2023-08-13,HW-010,Hanger Kapstok,Aksesori & Plat,Besi,Emas Matte,Atmobrass Jaya,99.8,5.2,144,19000,10
ORD-50713,2023-08-13,HW-006,Handle Arsip Kuningan,Pemegang & Tombol,Kuningan (Brass),Emas Berkilat,Atmobrass Jaya,295.0,12.1,170,36000,6
ORD-50714,2023-08-14,HW-005,Engsel Tombak,Engsel,Gangsa Antik,Emas Berkilat,Atmobrass Jaya,181.6,7.7,79,47000,2
ORD-50714,2023-08-14,HW-007,Handle Kuningan,Pemegang & Tombol,Kuningan (Brass),Perak Saten,Atmobrass Jaya,89.4,12.2,126,210000,3
ORD-50715,2023-08-15,HW-009,Handle Peti,Pemegang & Tombol,Kuningan (Brass),Perak Berkilat (Chrome),Atmobrass Jaya,180.4,7.3,95,90000,8
ORD-50715,2023-08-15,HW-013,Roda Troli Kuningan,Roda & Kaki Perabot,Kuningan (Brass),Hitam Matte,Atmobrass Jaya,266.2,12.3,175,97000,9
ORD-50716,2023-08-16,HW-012,Roda Troli Alumunium,Roda & Kaki Perabot,Aluminium,Emas Berkilat,Atmobrass Jaya,426.9,8.8,18,34000,2
ORD-50716,2023-08-16,HW-001,Accecoris Katak,Aksesori & Plat,Kuningan (Brass),Coklat Gelap,Atmobrass Jaya,33.9,5.9,114,28000,8
ORD-50717,2023-08-17,HW-013,Roda Troli Kuningan,Roda & Kaki Perabot,Kuningan (Brass),Emas Matte,Atmobrass Jaya,321.2,13.9,128,97000,8
ORD-50718,2023-08-19,HW-005,Engsel Tombak,Engsel,Gangsa Antik,Perak Saten,Atmobrass Jaya,299.4,8.7,124,47000,4
ORD-50718,2023-08-19,HW-013,Roda Troli Kuningan,Roda & Kaki Perabot,Kuningan (Brass),Emas Matte,Atmobrass Jaya,339.3,8.3,68,97000,3
ORD-50718,2023-08-19,HW-006,Handle Arsip Kuningan,Pemegang & Tombol,Kuningan (Brass),Perak Berkilat (Chrome),Atmobrass Jaya,235.1,14.7,171,36000,7
ORD-50719,2023-08-20,HW-012,Roda Troli Alumunium,Roda & Kaki Perabot,Aluminium,Emas Berkilat,Atmobrass Jaya,244.3,9.1,131,34000,8
ORD-50721,2023-08-22,HW-002,Bintang,Aksesori & Plat,Kuningan (Brass),Emas Matte,Atmobrass Jaya,38.5,6.3,14,25000,4
ORD-50723,2023-08-25,HW-013,Roda Troli Kuningan,Roda & Kaki Perabot,Kuningan (Brass),Emas Berkilat,Heritage Series,451.8,9.2,84,97000,1
ORD-50723,2023-08-25,HW-001,Accecoris Katak,Aksesori & Plat,Kuningan (Brass),Perak Saten,Atmobrass Jaya,82.7,8.9,192,28000,4
ORD-50724,2023-08-28,HW-004,Engsel Kepala Antiq,Engsel,Gangsa Antik,Perak Saten,Atmobrass Jaya,149.0,8.0,48,47000,4
ORD-50724,2023-08-28,HW-003,Engsel Jahit,Engsel,Besi,Perak Berkilat (Chrome),Heritage Series,93.5,7.9,31,32000,9
ORD-50725,2023-08-30,HW-011,Kotak Kuningan,Aksesori & Plat,Kuningan (Brass),Perak Berkilat (Chrome),Atmobrass Jaya,31.8,6.3,112,48000,9
ORD-50726,2023-08-30,HW-011,Kotak Kuningan,Aksesori & Plat,Kuningan (Brass),Emas Berkilat,Atmobrass Jaya,36.1,8.6,79,48000,5
ORD-50726,2023-08-30,HW-002,Bintang,Aksesori & Plat,Kuningan (Brass),Hitam Matte,Atmobrass Jaya,98.0,7.5,33,25000,6
ORD-50727,2023-08-31,HW-003,Engsel Jahit,Engsel,Besi,Perak Berkilat (Chrome),Atmobrass Jaya,197.6,9.0,21,32000,8
ORD-50727,2023-08-31,HW-011,Kotak Kuningan,Aksesori & Plat,Kuningan (Brass),Emas Matte,Atmobrass Jaya,118.3,4.3,145,48000,5
ORD-50727,2023-08-31,HW-001,Accecoris Katak,Aksesori & Plat,Kuningan (Brass),Emas Matte,Atmobrass Jaya,23.8,8.1,138,28000,8
ORD-50728,2023-08-31,HW-010,Hanger Kapstok,Aksesori & Plat,Besi,Coklat Gelap,Atmobrass Jaya,139.4,5.7,26,19000,1
ORD-50730,2023-09-04,HW-005,Engsel Tombak,Engsel,Gangsa Antik,Perak Saten,Atmobrass Jaya,240.6,14.9,38,47000,6
ORD-50734,2023-09-10,HW-013,Roda Troli Kuningan,Roda & Kaki Perabot,Kuningan (Brass),Perak Saten,Atmobrass Jaya,417.8,13.3,110,97000,3
ORD-50734,2023-09-10,HW-001,Accecoris Katak,Aksesori & Plat,Kuningan (Brass),Hitam Matte,Atmobrass Jaya,127.0,6.3,10,28000,9
ORD-50737,2023-09-13,HW-012,Roda Troli Alumunium,Roda & Kaki Perabot,Aluminium,Hitam Matte,Modern Hardware,263.4,10.1,131,34000,6
ORD-50737,2023-09-13,HW-006,Handle Arsip Kuningan,Pemegang & Tombol,Kuningan (Brass),Hitam Matte,Atmobrass Jaya,138.5,9.2,165,36000,1
ORD-50738,2023-09-13,HW-011,Kotak Kuningan,Aksesori & Plat,Kuningan (Brass),Emas Matte,Atmobrass Jaya,113.6,6.6,197,48000,10
ORD-50738,2023-09-13,HW-013,Roda Troli Kuningan,Roda & Kaki Perabot,Kuningan (Brass),Emas Berkilat,Atmobrass Jaya,432.5,9.1,195,97000,8
ORD-50739,2023-09-15,HW-006,Handle Arsip Kuningan,Pemegang & Tombol,Kuningan (Brass),Perak Berkilat (Chrome),Atmobrass Jaya,131.9,11.6,138,36000,1
ORD-50739,2023-09-15,HW-004,Engsel Kepala Antiq,Engsel,Gangsa Antik,Perak Saten,Modern Hardware,162.4,10.7,127,47000,2
ORD-50740,2023-09-15,HW-009,Handle Peti,Pemegang & Tombol,Kuningan (Brass),Hitam Matte,Maison Le Forge,161.7,12.6,52,90000,1
ORD-50740,2023-09-15,HW-005,Engsel Tombak,Engsel,Gangsa Antik,Perak Berkilat (Chrome),Atmobrass Jaya,280.4,7.5,36,47000,2
ORD-50742,2023-09-16,HW-009,Handle Peti,Pemegang & Tombol,Kuningan (Brass),Coklat Gelap,Atmobrass Jaya,141.1,13.2,145,90000,9
ORD-50743,2023-09-17,HW-010,Hanger Kapstok,Aksesori & Plat,Besi,Perak Berkilat (Chrome),Modern Hardware,81.7,7.7,187,19000,6
ORD-50743,2023-09-17,HW-013,Roda Troli Kuningan,Roda & Kaki Perabot,Kuningan (Brass),Hitam Matte,Atmobrass Jaya,438.8,9.9,117,97000,4
ORD-50744,2023-09-17,HW-009,Handle Peti,Pemegang & Tombol,Kuningan (Brass),Emas Berkilat,Atmobrass Jaya,171.1,9.8,109,90000,7
ORD-50745,2023-09-20,HW-013,Roda Troli Kuningan,Roda & Kaki Perabot,Kuningan (Brass),Perak Berkilat (Chrome),Atmobrass Jaya,459.2,10.4,144,97000,6
ORD-50746,2023-09-21,HW-006,Handle Arsip Kuningan,Pemegang & Tombol,Kuningan (Brass),Hitam Matte,Atmobrass Jaya,225.0,8.3,108,36000,7
ORD-50747,2023-09-21,HW-003,Engsel Jahit,Engsel,Besi,Emas Berkilat,Atmobrass Jaya,227.0,14.3,183,32000,10
ORD-50747,2023-09-21,HW-002,Bintang,Aksesori & Plat,Kuningan (Brass),Hitam Matte,Atmobrass Jaya,109.1,7.0,176,25000,2
ORD-50748,2023-09-22,HW-011,Kotak Kuningan,Aksesori & Plat,Kuningan (Brass),Perak Berkilat (Chrome),Atmobrass Jaya,88.8,9.5,195,48000,2
ORD-50749,2023-09-22,HW-013,Roda Troli Kuningan,Roda & Kaki Perabot,Kuningan (Brass),Hitam Matte,Atmobrass Jaya,227.5,10.7,59,97000,8
ORD-50752,2023-09-25,HW-006,Handle Arsip Kuningan,Pemegang & Tombol,Kuningan (Brass),Hitam Matte,Atmobrass Jaya,159.5,14.9,177,36000,9
ORD-50754,2023-09-27,HW-010,Hanger Kapstok,Aksesori & Plat,Besi,Coklat Gelap,Atmobrass Jaya,127.1,9.3,130,19000,8
ORD-50755,2023-09-27,HW-006,Handle Arsip Kuningan,Pemegang & Tombol,Kuningan (Brass),Hitam Matte,Atmobrass Jaya,148.3,14.2,175,36000,8
ORD-50756,2023-10-06,HW-011,Kotak Kuningan,Aksesori & Plat,Kuningan (Brass),Emas Matte,Heritage Series,55.6,7.2,120,48000,4
ORD-50758,2023-10-06,HW-007,Handle Kuningan,Pemegang & Tombol,Kuningan (Brass),Hitam Matte,Atmobrass Jaya,137.7,7.5,158,210000,4
ORD-50759,2023-10-07,HW-008,Handle Laci,Pemegang & Tombol,Kuningan (Brass),Emas Matte,Atmobrass Jaya,128.4,12.5,99,57000,6
ORD-50759,2023-10-07,HW-013,Roda Troli Kuningan,Roda & Kaki Perabot,Kuningan (Brass),Emas Matte,Atmobrass Jaya,363.3,8.5,81,97000,10
ORD-50760,2023-10-07,HW-013,Roda Troli Kuningan,Roda & Kaki Perabot,Kuningan (Brass),Emas Berkilat,Atmobrass Jaya,489.5,10.2,31,97000,3
ORD-50761,2023-10-08,HW-004,Engsel Kepala Antiq,Engsel,Gangsa Antik,Perak Berkilat (Chrome),Modern Hardware,141.8,14.2,188,47000,2
ORD-50761,2023-10-08,HW-008,Handle Laci,Pemegang & Tombol,Kuningan (Brass),Coklat Gelap,Atmobrass Jaya,85.2,9.1,133,57000,9
ORD-50762,2023-10-09,HW-012,Roda Troli Alumunium,Roda & Kaki Perabot,Aluminium,Hitam Matte,Atmobrass Jaya,226.5,10.6,31,34000,7
ORD-50762,2023-10-09,HW-004,Engsel Kepala Antiq,Engsel,Gangsa Antik,Emas Berkilat,Atmobrass Jaya,99.7,10.0,104,47000,6
ORD-50764,2023-10-11,HW-002,Bintang,Aksesori & Plat,Kuningan (Brass),Emas Matte,Atmobrass Jaya,110.8,9.0,65,25000,10
ORD-50764,2023-10-11,HW-007,Handle Kuningan,Pemegang & Tombol,Kuningan (Brass),Emas Matte,Atmobrass Jaya,254.7,13.5,61,210000,3
ORD-50766,2023-10-14,HW-007,Handle Kuningan,Pemegang & Tombol,Kuningan (Brass),Hitam Matte,Atmobrass Jaya,86.2,10.4,108,210000,7
ORD-50767,2023-10-15,HW-010,Hanger Kapstok,Aksesori & Plat,Besi,Emas Berkilat,Atmobrass Jaya,47.8,8.4,145,19000,7
ORD-50768,2023-10-15,HW-002,Bintang,Aksesori & Plat,Kuningan (Brass),Perak Saten,Atmobrass Jaya,149.4,6.4,72,25000,5
ORD-50771,2023-10-18,HW-007,Handle Kuningan,Pemegang & Tombol,Kuningan (Brass),Emas Matte,Heritage Series,163.9,7.1,80,210000,2
ORD-50771,2023-10-18,HW-008,Handle Laci,Pemegang & Tombol,Kuningan (Brass),Emas Matte,Atmobrass Jaya,272.1,12.6,40,57000,6
ORD-50773,2023-10-19,HW-002,Bintang,Aksesori & Plat,Kuningan (Brass),Emas Berkilat,Atmobrass Jaya,42.2,4.9,13,25000,8
ORD-50773,2023-10-19,HW-009,Handle Peti,Pemegang & Tombol,Kuningan (Brass),Perak Berkilat (Chrome),Atmobrass Jaya,150.3,9.0,174,90000,5
ORD-50774,2023-10-21,HW-006,Handle Arsip Kuningan,Pemegang & Tombol,Kuningan (Brass),Perak Berkilat (Chrome),Atmobrass Jaya,178.9,7.3,159,36000,3
ORD-50775,2023-10-22,HW-007,Handle Kuningan,Pemegang & Tombol,Kuningan (Brass),Hitam Matte,Atmobrass Jaya,149.8,12.9,18,210000,6
ORD-50777,2023-10-26,HW-011,Kotak Kuningan,Aksesori & Plat,Kuningan (Brass),Emas Berkilat,Atmobrass Jaya,31.0,9.1,141,48000,1
ORD-50779,2023-10-29,HW-005,Engsel Tombak,Engsel,Gangsa Antik,Hitam Matte,Atmobrass Jaya,251.7,13.6,66,47000,5
ORD-50780,2023-10-30,HW-003,Engsel Jahit,Engsel,Besi,Coklat Gelap,Atmobrass Jaya,138.0,11.6,108,32000,4
ORD-50782,2023-11-02,HW-008,Handle Laci,Pemegang & Tombol,Kuningan (Brass),Emas Matte,Atmobrass Jaya,133.7,10.7,85,57000,4
ORD-50784,2023-11-04,HW-003,Engsel Jahit,Engsel,Besi,Emas Berkilat,Atmobrass Jaya,161.0,9.3,105,32000,2
ORD-50785,2023-11-04,HW-001,Accecoris Katak,Aksesori & Plat,Kuningan (Brass),Hitam Matte,Modern Hardware,23.0,8.7,50,28000,2
ORD-50786,2023-11-06,HW-006,Handle Arsip Kuningan,Pemegang & Tombol,Kuningan (Brass),Emas Matte,Maison Le Forge,105.4,13.9,65,36000,7
ORD-50789,2023-11-10,HW-004,Engsel Kepala Antiq,Engsel,Gangsa Antik,Perak Berkilat (Chrome),Atmobrass Jaya,277.5,7.8,192,47000,10
ORD-50789,2023-11-10,HW-002,Bintang,Aksesori & Plat,Kuningan (Brass),Emas Berkilat,Atmobrass Jaya,54.2,8.6,60,25000,3
ORD-50790,2023-11-11,HW-011,Kotak Kuningan,Aksesori & Plat,Kuningan (Brass),Perak Berkilat (Chrome),Atmobrass Jaya,93.7,8.9,177,48000,8
ORD-50790,2023-11-11,HW-013,Roda Troli Kuningan,Roda & Kaki Perabot,Kuningan (Brass),Emas Berkilat,Atmobrass Jaya,434.2,11.4,116,97000,2
ORD-50792,2023-11-14,HW-013,Roda Troli Kuningan,Roda & Kaki Perabot,Kuningan (Brass),Hitam Matte,Maison Le Forge,306.8,8.6,56,97000,1
ORD-50793,2023-11-14,HW-008,Handle Laci,Pemegang & Tombol,Kuningan (Brass),Perak Saten,Atmobrass Jaya,84.7,12.2,28,57000,10
ORD-50794,2023-11-16,HW-005,Engsel Tombak,Engsel,Gangsa Antik,Emas Matte,Atmobrass Jaya,282.4,14.7,90,47000,4
ORD-50795,2023-11-17,HW-011,Kotak Kuningan,Aksesori & Plat,Kuningan (Brass),Emas Berkilat,Atmobrass Jaya,108.8,8.2,130,48000,7
ORD-50795,2023-11-17,HW-012,Roda Troli Alumunium,Roda & Kaki Perabot,Aluminium,Emas Berkilat,Atmobrass Jaya,367.2,8.6,182,34000,2
ORD-50796,2023-11-17,HW-013,Roda Troli Kuningan,Roda & Kaki Perabot,Kuningan (Brass),Perak Berkilat (Chrome),Atmobrass Jaya,431.2,12.8,182,97000,5
ORD-50797,2023-11-17,HW-001,Accecoris Katak,Aksesori & Plat,Kuningan (Brass),Emas Matte,Atmobrass Jaya,95.0,4.2,119,28000,6
ORD-50797,2023-11-17,HW-013,Roda Troli Kuningan,Roda & Kaki Perabot,Kuningan (Brass),Coklat Gelap,Modern Hardware,239.3,11.2,78,97000,6
ORD-50798,2023-11-19,HW-002,Bintang,Aksesori & Plat,Kuningan (Brass),Coklat Gelap,Atmobrass Jaya,82.1,7.7,168,25000,8
ORD-50799,2023-11-22,HW-006,Handle Arsip Kuningan,Pemegang & Tombol,Kuningan (Brass),Emas Berkilat,Atmobrass Jaya,124.7,7.2,182,36000,9
ORD-50799,2023-11-22,HW-002,Bintang,Aksesori & Plat,Kuningan (Brass),Hitam Matte,Atmobrass Jaya,25.7,9.8,44,25000,7
ORD-50801,2023-11-30,HW-013,Roda Troli Kuningan,Roda & Kaki Perabot,Kuningan (Brass),Perak Saten,Atmobrass Jaya,230.8,11.2,129,97000,7
ORD-50802,2023-11-30,HW-012,Roda Troli Alumunium,Roda & Kaki Perabot,Aluminium,Perak Saten,Atmobrass Jaya,474.0,12.4,195,34000,6
ORD-50803,2023-12-03,HW-012,Roda Troli Alumunium,Roda & Kaki Perabot,Aluminium,Perak Saten,Atmobrass Jaya,207.5,13.7,141,34000,9
ORD-50803,2023-12-03,HW-009,Handle Peti,Pemegang & Tombol,Kuningan (Brass),Perak Saten,Atmobrass Jaya,166.8,11.9,87,90000,1
ORD-50803,2023-12-03,HW-010,Hanger Kapstok,Aksesori & Plat,Besi,Coklat Gelap,Atmobrass Jaya,78.2,6.2,162,19000,9
ORD-50804,2023-12-03,HW-012,Roda Troli Alumunium,Roda & Kaki Perabot,Aluminium,Perak Saten,Atmobrass Jaya,499.0,10.4,48,34000,2
ORD-50805,2023-12-03,HW-007,Handle Kuningan,Pemegang & Tombol,Kuningan (Brass),Emas Berkilat,Atmobrass Jaya,205.9,14.7,40,210000,5
ORD-50806,2023-12-07,HW-013,Roda Troli Kuningan,Roda & Kaki Perabot,Kuningan (Brass),Perak Saten,Atmobrass Jaya,216.4,10.1,79,97000,1
ORD-50806,2023-12-07,HW-004,Engsel Kepala Antiq,Engsel,Gangsa Antik,Hitam Matte,Atmobrass Jaya,253.0,10.5,39,47000,8
ORD-50806,2023-12-07,HW-010,Hanger Kapstok,Aksesori & Plat,Besi,Emas Berkilat,Atmobrass Jaya,92.4,7.9,123,19000,5
ORD-50807,2023-12-09,HW-003,Engsel Jahit,Engsel,Besi,Perak Saten,Atmobrass Jaya,250.1,11.6,39,32000,4
ORD-50808,2023-12-12,HW-012,Roda Troli Alumunium,Roda & Kaki Perabot,Aluminium,Perak Saten,Atmobrass Jaya,363.2,13.3,46,34000,7
ORD-50808,2023-12-12,HW-013,Roda Troli Kuningan,Roda & Kaki Perabot,Kuningan (Brass),Coklat Gelap,Maison Le Forge,311.2,8.2,125,97000,10
ORD-50809,2023-12-12,HW-001,Accecoris Katak,Aksesori & Plat,Kuningan (Brass),Perak Berkilat (Chrome),Atmobrass Jaya,139.7,5.5,155,28000,9
ORD-50809,2023-12-12,HW-006,Handle Arsip Kuningan,Pemegang & Tombol,Kuningan (Brass),Coklat Gelap,Atmobrass Jaya,201.0,11.0,90,36000,10
ORD-50810,2023-12-13,HW-011,Kotak Kuningan,Aksesori & Plat,Kuningan (Brass),Emas Matte,Atmobrass Jaya,72.3,8.9,90,48000,5
ORD-50811,2023-12-14,HW-002,Bintang,Aksesori & Plat,Kuningan (Brass),Perak Saten,Atmobrass Jaya,49.3,4.0,141,25000,9
ORD-50814,2023-12-16,HW-007,Handle Kuningan,Pemegang & Tombol,Kuningan (Brass),Perak Berkilat (Chrome),Atmobrass Jaya,144.2,13.5,24,210000,5
ORD-50815,2023-12-17,HW-011,Kotak Kuningan,Aksesori & Plat,Kuningan (Brass),Hitam Matte,Atmobrass Jaya,23.9,5.1,114,48000,1
ORD-50815,2023-12-17,HW-004,Engsel Kepala Antiq,Engsel,Gangsa Antik,Emas Matte,Modern Hardware,244.9,9.4,135,47000,5
ORD-50817,2023-12-18,HW-009,Handle Peti,Pemegang & Tombol,Kuningan (Brass),Emas Berkilat,Atmobrass Jaya,234.8,12.3,120,90000,8
ORD-50817,2023-12-18,HW-006,Handle Arsip Kuningan,Pemegang & Tombol,Kuningan (Brass),Hitam Matte,Atmobrass Jaya,270.0,13.9,17,36000,8
ORD-50819,2023-12-19,HW-006,Handle Arsip Kuningan,Pemegang & Tombol,Kuningan (Brass),Perak Saten,Atmobrass Jaya,134.7,12.7,139,36000,9
ORD-50820,2023-12-19,HW-012,Roda Troli Alumunium,Roda & Kaki Perabot,Aluminium,Hitam Matte,Atmobrass Jaya,314.9,13.4,54,34000,4
ORD-50821,2023-12-21,HW-011,Kotak Kuningan,Aksesori & Plat,Kuningan (Brass),Hitam Matte,Atmobrass Jaya,137.4,9.7,163,48000,1
ORD-50821,2023-12-21,HW-013,Roda Troli Kuningan,Roda & Kaki Perabot,Kuningan (Brass),Perak Saten,Atmobrass Jaya,458.6,10.5,104,97000,7
ORD-50822,2023-12-23,HW-002,Bintang,Aksesori & Plat,Kuningan (Brass),Emas Matte,Atmobrass Jaya,29.0,9.9,136,25000,5
ORD-50823,2023-12-24,HW-001,Accecoris Katak,Aksesori & Plat,Kuningan (Brass),Coklat Gelap,Atmobrass Jaya,81.4,9.2,131,28000,1
ORD-50823,2023-12-24,HW-007,Handle Kuningan,Pemegang & Tombol,Kuningan (Brass),Perak Saten,Atmobrass Jaya,138.0,9.5,170,210000,5
ORD-50825,2023-12-26,HW-011,Kotak Kuningan,Aksesori & Plat,Kuningan (Brass),Emas Matte,Atmobrass Jaya,140.3,5.0,186,48000,10
ORD-50825,2023-12-26,HW-012,Roda Troli Alumunium,Roda & Kaki Perabot,Aluminium,Emas Berkilat,Atmobrass Jaya,332.0,9.9,70,34000,3
ORD-50827,2023-12-29,HW-006,Handle Arsip Kuningan,Pemegang & Tombol,Kuningan (Brass),Perak Saten,Maison Le Forge,288.8,10.4,199,36000,5
ORD-50828,2023-12-29,HW-013,Roda Troli Kuningan,Roda & Kaki Perabot,Kuningan (Brass),Emas Berkilat,Atmobrass Jaya,397.6,9.9,50,97000,8
ORD-50829,2023-12-30,HW-003,Engsel Jahit,Engsel,Besi,Perak Saten,Atmobrass Jaya,84.0,11.6,187,32000,9
ORD-50830,2024-01-04,HW-008,Handle Laci,Pemegang & Tombol,Kuningan (Brass),Emas Matte,Atmobrass Jaya,163.1,11.2,76,57000,9
ORD-50831,2024-01-04,HW-013,Roda Troli Kuningan,Roda & Kaki Perabot,Kuningan (Brass),Emas Berkilat,Atmobrass Jaya,315.5,9.3,170,97000,2
ORD-50831,2024-01-04,HW-011,Kotak Kuningan,Aksesori & Plat,Kuningan (Brass),Hitam Matte,Atmobrass Jaya,51.4,8.8,177,48000,7
ORD-50832,2024-01-05,HW-009,Handle Peti,Pemegang & Tombol,Kuningan (Brass),Perak Saten,Atmobrass Jaya,87.0,11.7,134,90000,7
ORD-50833,2024-01-06,HW-009,Handle Peti,Pemegang & Tombol,Kuningan (Brass),Coklat Gelap,Atmobrass Jaya,213.3,14.7,75,90000,4
ORD-50836,2024-01-08,HW-010,Hanger Kapstok,Aksesori & Plat,Besi,Emas Berkilat,Atmobrass Jaya,97.3,9.8,138,19000,7
ORD-50837,2024-01-09,HW-008,Handle Laci,Pemegang & Tombol,Kuningan (Brass),Emas Matte,Maison Le Forge,173.7,7.3,128,57000,1
ORD-50837,2024-01-09,HW-011,Kotak Kuningan,Aksesori & Plat,Kuningan (Brass),Emas Matte,Atmobrass Jaya,48.2,8.8,78,48000,5
ORD-50837,2024-01-09,HW-008,Handle Laci,Pemegang & Tombol,Kuningan (Brass),Coklat Gelap,Atmobrass Jaya,99.4,10.5,59,57000,8
ORD-50838,2024-01-09,HW-003,Engsel Jahit,Engsel,Besi,Perak Berkilat (Chrome),Atmobrass Jaya,193.8,10.5,115,32000,8
ORD-50839,2024-01-11,HW-003,Engsel Jahit,Engsel,Besi,Perak Saten,Atmobrass Jaya,110.8,13.9,83,32000,6
ORD-50840,2024-01-20,HW-004,Engsel Kepala Antiq,Engsel,Gangsa Antik,Perak Saten,Atmobrass Jaya,141.3,14.3,139,47000,2
ORD-50841,2024-01-21,HW-005,Engsel Tombak,Engsel,Gangsa Antik,Emas Berkilat,Atmobrass Jaya,167.9,9.2,10,47000,7
ORD-50844,2024-01-30,HW-006,Handle Arsip Kuningan,Pemegang & Tombol,Kuningan (Brass),Emas Berkilat,Atmobrass Jaya,244.0,14.5,138,36000,2
ORD-50845,2024-02-02,HW-008,Handle Laci,Pemegang & Tombol,Kuningan (Brass),Hitam Matte,Atmobrass Jaya,259.4,7.1,74,57000,8
ORD-50845,2024-02-02,HW-006,Handle Arsip Kuningan,Pemegang & Tombol,Kuningan (Brass),Coklat Gelap,Atmobrass Jaya,239.3,12.8,15,36000,1
ORD-50846,2024-02-02,HW-012,Roda Troli Alumunium,Roda & Kaki Perabot,Aluminium,Emas Berkilat,Atmobrass Jaya,318.0,10.8,117,34000,8
ORD-50847,2024-02-03,HW-005,Engsel Tombak,Engsel,Gangsa Antik,Emas Berkilat,Atmobrass Jaya,181.5,10.4,17,47000,9
ORD-50849,2024-02-06,HW-009,Handle Peti,Pemegang & Tombol,Kuningan (Brass),Emas Berkilat,Heritage Series,123.9,14.5,83,90000,1
ORD-50851,2024-02-09,HW-003,Engsel Jahit,Engsel,Besi,Perak Berkilat (Chrome),Maison Le Forge,83.4,13.0,176,32000,9
ORD-50852,2024-02-10,HW-009,Handle Peti,Pemegang & Tombol,Kuningan (Brass),Coklat Gelap,Atmobrass Jaya,259.0,7.7,161,90000,10
ORD-50853,2024-02-12,HW-010,Hanger Kapstok,Aksesori & Plat,Besi,Perak Berkilat (Chrome),Atmobrass Jaya,53.6,9.6,54,19000,2
ORD-50854,2024-02-12,HW-007,Handle Kuningan,Pemegang & Tombol,Kuningan (Brass),Hitam Matte,Maison Le Forge,175.3,10.7,76,210000,9
ORD-50856,2024-02-15,HW-010,Hanger Kapstok,Aksesori & Plat,Besi,Perak Saten,Atmobrass Jaya,63.7,5.9,69,19000,9
ORD-50857,2024-02-15,HW-010,Hanger Kapstok,Aksesori & Plat,Besi,Hitam Matte,Atmobrass Jaya,27.9,7.4,121,19000,9
ORD-50860,2024-02-17,HW-004,Engsel Kepala Antiq,Engsel,Gangsa Antik,Perak Berkilat (Chrome),Atmobrass Jaya,207.1,7.7,174,47000,2
ORD-50861,2024-02-22,HW-003,Engsel Jahit,Engsel,Besi,Emas Berkilat,Atmobrass Jaya,166.8,9.6,87,32000,7
ORD-50862,2024-02-25,HW-007,Handle Kuningan,Pemegang & Tombol,Kuningan (Brass),Perak Berkilat (Chrome),Atmobrass Jaya,90.8,11.2,155,210000,3
ORD-50863,2024-02-26,HW-002,Bintang,Aksesori & Plat,Kuningan (Brass),Hitam Matte,Atmobrass Jaya,99.8,8.5,162,25000,7
ORD-50863,2024-02-26,HW-008,Handle Laci,Pemegang & Tombol,Kuningan (Brass),Coklat Gelap,Atmobrass Jaya,205.6,8.6,105,57000,8
ORD-50863,2024-02-26,HW-007,Handle Kuningan,Pemegang & Tombol,Kuningan (Brass),Coklat Gelap,Atmobrass Jaya,162.8,8.9,62,210000,9
ORD-50864,2024-02-26,HW-013,Roda Troli Kuningan,Roda & Kaki Perabot,Kuningan (Brass),Emas Berkilat,Atmobrass Jaya,456.6,8.2,33,97000,1
ORD-50865,2024-03-01,HW-008,Handle Laci,Pemegang & Tombol,Kuningan (Brass),Perak Berkilat (Chrome),Atmobrass Jaya,128.2,14.8,62,57000,7
ORD-50866,2024-03-01,HW-007,Handle Kuningan,Pemegang & Tombol,Kuningan (Brass),Emas Matte,Atmobrass Jaya,82.1,11.2,79,210000,3
ORD-50867,2024-03-06,HW-008,Handle Laci,Pemegang & Tombol,Kuningan (Brass),Emas Berkilat,Atmobrass Jaya,105.2,12.1,138,57000,9
ORD-50868,2024-03-07,HW-009,Handle Peti,Pemegang & Tombol,Kuningan (Brass),Emas Matte,Atmobrass Jaya,123.3,10.0,150,90000,1
ORD-50868,2024-03-07,HW-006,Handle Arsip Kuningan,Pemegang & Tombol,Kuningan (Brass),Emas Matte,Atmobrass Jaya,173.9,11.9,158,36000,1
ORD-50869,2024-03-07,HW-010,Hanger Kapstok,Aksesori & Plat,Besi,Coklat Gelap,Atmobrass Jaya,50.3,8.3,150,19000,3
ORD-50870,2024-03-08,HW-004,Engsel Kepala Antiq,Engsel,Gangsa Antik,Emas Berkilat,Heritage Series,159.9,10.8,14,47000,10
ORD-50871,2024-03-11,HW-005,Engsel Tombak,Engsel,Gangsa Antik,Coklat Gelap,Atmobrass Jaya,92.8,11.6,43,47000,10
ORD-50872,2024-03-16,HW-001,Accecoris Katak,Aksesori & Plat,Kuningan (Brass),Coklat Gelap,Atmobrass Jaya,68.2,9.4,65,28000,9
ORD-50873,2024-03-17,HW-008,Handle Laci,Pemegang & Tombol,Kuningan (Brass),Hitam Matte,Maison Le Forge,88.0,11.3,84,57000,3
ORD-50875,2024-03-18,HW-010,Hanger Kapstok,Aksesori & Plat,Besi,Coklat Gelap,Atmobrass Jaya,102.5,5.0,152,19000,6
ORD-50875,2024-03-18,HW-003,Engsel Jahit,Engsel,Besi,Emas Berkilat,Atmobrass Jaya,111.2,13.9,144,32000,8
ORD-50877,2024-03-22,HW-004,Engsel Kepala Antiq,Engsel,Gangsa Antik,Emas Berkilat,Atmobrass Jaya,240.6,14.9,177,47000,2
ORD-50877,2024-03-22,HW-006,Handle Arsip Kuningan,Pemegang & Tombol,Kuningan (Brass),Emas Berkilat,Atmobrass Jaya,112.1,9.9,69,36000,9
ORD-50878,2024-03-24,HW-003,Engsel Jahit,Engsel,Besi,Perak Berkilat (Chrome),Atmobrass Jaya,82.6,9.9,166,32000,5
ORD-50878,2024-03-24,HW-004,Engsel Kepala Antiq,Engsel,Gangsa Antik,Coklat Gelap,Atmobrass Jaya,295.2,10.7,135,47000,4
ORD-50880,2024-03-24,HW-001,Accecoris Katak,Aksesori & Plat,Kuningan (Brass),Hitam Matte,Modern Hardware,106.2,5.2,165,28000,7
ORD-50880,2024-03-24,HW-006,Handle Arsip Kuningan,Pemegang & Tombol,Kuningan (Brass),Coklat Gelap,Atmobrass Jaya,226.7,9.5,97,36000,5
ORD-50880,2024-03-24,HW-002,Bintang,Aksesori & Plat,Kuningan (Brass),Emas Matte,Heritage Series,133.9,5.5,68,25000,5
ORD-50883,2024-03-26,HW-007,Handle Kuningan,Pemegang & Tombol,Kuningan (Brass),Hitam Matte,Atmobrass Jaya,253.9,13.7,125,210000,6
ORD-50883,2024-03-26,HW-013,Roda Troli Kuningan,Roda & Kaki Perabot,Kuningan (Brass),Coklat Gelap,Atmobrass Jaya,267.6,9.9,114,97000,4
ORD-50884,2024-03-28,HW-008,Handle Laci,Pemegang & Tombol,Kuningan (Brass),Hitam Matte,Atmobrass Jaya,99.9,11.4,79,57000,3
ORD-50885,2024-03-29,HW-008,Handle Laci,Pemegang & Tombol,Kuningan (Brass),Perak Saten,Atmobrass Jaya,290.8,11.3,31,57000,2
ORD-50886,2024-03-31,HW-009,Handle Peti,Pemegang & Tombol,Kuningan (Brass),Perak Berkilat (Chrome),Atmobrass Jaya,239.0,9.2,166,90000,5
ORD-50887,2024-04-02,HW-008,Handle Laci,Pemegang & Tombol,Kuningan (Brass),Perak Saten,Atmobrass Jaya,220.3,11.2,31,57000,4
ORD-50888,2024-04-02,HW-002,Bintang,Aksesori & Plat,Kuningan (Brass),Emas Berkilat,Atmobrass Jaya,79.9,6.6,193,25000,8
ORD-50888,2024-04-02,HW-005,Engsel Tombak,Engsel,Gangsa Antik,Emas Matte,Atmobrass Jaya,81.2,8.6,11,47000,2
ORD-50889,2024-04-02,HW-013,Roda Troli Kuningan,Roda & Kaki Perabot,Kuningan (Brass),Emas Berkilat,Heritage Series,309.4,8.1,67,97000,2
ORD-50890,2024-04-03,HW-010,Hanger Kapstok,Aksesori & Plat,Besi,Emas Berkilat,Atmobrass Jaya,55.8,9.2,144,19000,4
ORD-50891,2024-04-05,HW-011,Kotak Kuningan,Aksesori & Plat,Kuningan (Brass),Perak Saten,Atmobrass Jaya,137.0,7.4,49,48000,10
ORD-50892,2024-04-06,HW-008,Handle Laci,Pemegang & Tombol,Kuningan (Brass),Emas Matte,Atmobrass Jaya,217.0,9.4,195,57000,7
ORD-50892,2024-04-06,HW-010,Hanger Kapstok,Aksesori & Plat,Besi,Emas Matte,Atmobrass Jaya,51.4,9.0,103,19000,7
ORD-50896,2024-04-09,HW-010,Hanger Kapstok,Aksesori & Plat,Besi,Perak Berkilat (Chrome),Modern Hardware,74.7,4.3,28,19000,4
ORD-50896,2024-04-09,HW-001,Accecoris Katak,Aksesori & Plat,Kuningan (Brass),Coklat Gelap,Atmobrass Jaya,76.2,9.8,27,28000,4
ORD-50897,2024-04-10,HW-005,Engsel Tombak,Engsel,Gangsa Antik,Emas Matte,Modern Hardware,215.1,9.2,183,47000,4
ORD-50899,2024-04-14,HW-001,Accecoris Katak,Aksesori & Plat,Kuningan (Brass),Emas Berkilat,Atmobrass Jaya,56.1,7.6,25,28000,6
ORD-50899,2024-04-14,HW-003,Engsel Jahit,Engsel,Besi,Perak Berkilat (Chrome),Atmobrass Jaya,85.2,12.8,86,32000,7
ORD-50902,2024-04-17,HW-009,Handle Peti,Pemegang & Tombol,Kuningan (Brass),Perak Saten,Atmobrass Jaya,170.7,7.7,134,90000,5
ORD-50903,2024-04-18,HW-009,Handle Peti,Pemegang & Tombol,Kuningan (Brass),Coklat Gelap,Atmobrass Jaya,187.5,11.8,135,90000,9
ORD-50903,2024-04-18,HW-001,Accecoris Katak,Aksesori & Plat,Kuningan (Brass),Hitam Matte,Atmobrass Jaya,113.8,4.7,168,28000,10
ORD-50903,2024-04-18,HW-005,Engsel Tombak,Engsel,Gangsa Antik,Coklat Gelap,Atmobrass Jaya,135.2,12.9,115,47000,9
ORD-50904,2024-04-18,HW-006,Handle Arsip Kuningan,Pemegang & Tombol,Kuningan (Brass),Hitam Matte,Atmobrass Jaya,99.0,7.7,63,36000,10
ORD-50904,2024-04-18,HW-008,Handle Laci,Pemegang & Tombol,Kuningan (Brass),Perak Berkilat (Chrome),Atmobrass Jaya,240.6,14.5,90,57000,8
ORD-50905,2024-04-20,HW-001,Accecoris Katak,Aksesori & Plat,Kuningan (Brass),Emas Matte,Atmobrass Jaya,102.9,5.0,75,28000,10
ORD-50905,2024-04-20,HW-013,Roda Troli Kuningan,Roda & Kaki Perabot,Kuningan (Brass),Perak Saten,Atmobrass Jaya,311.0,12.6,16,97000,9
ORD-50906,2024-04-25,HW-007,Handle Kuningan,Pemegang & Tombol,Kuningan (Brass),Hitam Matte,Atmobrass Jaya,246.0,7.2,160,210000,10
ORD-50906,2024-04-25,HW-013,Roda Troli Kuningan,Roda & Kaki Perabot,Kuningan (Brass),Emas Berkilat,Maison Le Forge,215.5,11.1,168,97000,1
ORD-50907,2024-04-27,HW-013,Roda Troli Kuningan,Roda & Kaki Perabot,Kuningan (Brass),Coklat Gelap,Atmobrass Jaya,332.4,8.6,30,97000,5
ORD-50907,2024-04-27,HW-012,Roda Troli Alumunium,Roda & Kaki Perabot,Aluminium,Perak Saten,Atmobrass Jaya,276.3,10.1,176,34000,4
ORD-50908,2024-04-28,HW-002,Bintang,Aksesori & Plat,Kuningan (Brass),Emas Matte,Maison Le Forge,67.9,5.0,109,25000,8
ORD-50908,2024-04-28,HW-007,Handle Kuningan,Pemegang & Tombol,Kuningan (Brass),Emas Berkilat,Atmobrass Jaya,165.9,9.3,110,210000,3
ORD-50908,2024-04-28,HW-008,Handle Laci,Pemegang & Tombol,Kuningan (Brass),Perak Saten,Heritage Series,294.2,8.4,36,57000,2
ORD-50911,2024-05-03,HW-005,Engsel Tombak,Engsel,Gangsa Antik,Coklat Gelap,Atmobrass Jaya,153.2,7.8,103,47000,3
ORD-50911,2024-05-03,HW-004,Engsel Kepala Antiq,Engsel,Gangsa Antik,Perak Saten,Atmobrass Jaya,224.5,8.1,136,47000,2
ORD-50914,2024-05-09,HW-003,Engsel Jahit,Engsel,Besi,Hitam Matte,Atmobrass Jaya,184.4,13.2,33,32000,2
ORD-50915,2024-05-11,HW-005,Engsel Tombak,Engsel,Gangsa Antik,Perak Saten,Heritage Series,157.1,11.6,135,47000,1
ORD-50915,2024-05-11,HW-012,Roda Troli Alumunium,Roda & Kaki Perabot,Aluminium,Hitam Matte,Atmobrass Jaya,244.4,12.9,155,34000,5
ORD-50916,2024-05-12,HW-005,Engsel Tombak,Engsel,Gangsa Antik,Hitam Matte,Atmobrass Jaya,279.8,7.7,126,47000,3
ORD-50918,2024-05-16,HW-006,Handle Arsip Kuningan,Pemegang & Tombol,Kuningan (Brass),Hitam Matte,Atmobrass Jaya,260.0,7.8,150,36000,7
ORD-50919,2024-05-17,HW-004,Engsel Kepala Antiq,Engsel,Gangsa Antik,Perak Saten,Atmobrass Jaya,166.7,7.4,17,47000,1
ORD-50923,2024-05-20,HW-006,Handle Arsip Kuningan,Pemegang & Tombol,Kuningan (Brass),Emas Matte,Heritage Series,208.9,10.0,65,36000,9
ORD-50923,2024-05-20,HW-010,Hanger Kapstok,Aksesori & Plat,Besi,Hitam Matte,Atmobrass Jaya,43.6,8.8,112,19000,9
ORD-50925,2024-05-21,HW-012,Roda Troli Alumunium,Roda & Kaki Perabot,Aluminium,Emas Berkilat,Atmobrass Jaya,492.4,12.1,76,34000,3
ORD-50926,2024-05-21,HW-006,Handle Arsip Kuningan,Pemegang & Tombol,Kuningan (Brass),Emas Berkilat,Heritage Series,176.2,11.4,192,36000,3
ORD-50929,2024-05-27,HW-002,Bintang,Aksesori & Plat,Kuningan (Brass),Perak Saten,Heritage Series,20.9,8.7,142,25000,1
ORD-50930,2024-05-30,HW-003,Engsel Jahit,Engsel,Besi,Hitam Matte,Atmobrass Jaya,113.6,14.1,175,32000,7
ORD-50931,2024-05-30,HW-004,Engsel Kepala Antiq,Engsel,Gangsa Antik,Hitam Matte,Atmobrass Jaya,244.6,8.1,41,47000,4
ORD-50932,2024-05-30,HW-003,Engsel Jahit,Engsel,Besi,Emas Berkilat,Atmobrass Jaya,104.4,7.3,129,32000,10
ORD-50933,2024-05-31,HW-003,Engsel Jahit,Engsel,Besi,Hitam Matte,Maison Le Forge,216.0,9.2,130,32000,6
ORD-50934,2024-06-01,HW-003,Engsel Jahit,Engsel,Besi,Perak Berkilat (Chrome),Atmobrass Jaya,173.8,8.8,70,32000,10
ORD-50934,2024-06-01,HW-005,Engsel Tombak,Engsel,Gangsa Antik,Hitam Matte,Atmobrass Jaya,86.8,7.9,20,47000,7
ORD-50935,2024-06-02,HW-008,Handle Laci,Pemegang & Tombol,Kuningan (Brass),Perak Saten,Atmobrass Jaya,232.3,7.2,184,57000,8
ORD-50935,2024-06-02,HW-004,Engsel Kepala Antiq,Engsel,Gangsa Antik,Coklat Gelap,Atmobrass Jaya,209.1,8.2,12,47000,5
ORD-50935,2024-06-02,HW-013,Roda Troli Kuningan,Roda & Kaki Perabot,Kuningan (Brass),Perak Saten,Atmobrass Jaya,365.3,11.9,199,97000,1
ORD-50936,2024-06-02,HW-001,Accecoris Katak,Aksesori & Plat,Kuningan (Brass),Perak Berkilat (Chrome),Atmobrass Jaya,117.7,9.7,181,28000,3
ORD-50937,2024-06-02,HW-008,Handle Laci,Pemegang & Tombol,Kuningan (Brass),Emas Matte,Atmobrass Jaya,144.9,10.1,113,57000,9
ORD-50937,2024-06-02,HW-009,Handle Peti,Pemegang & Tombol,Kuningan (Brass),Perak Saten,Atmobrass Jaya,256.0,13.1,62,90000,8
ORD-50939,2024-06-04,HW-008,Handle Laci,Pemegang & Tombol,Kuningan (Brass),Coklat Gelap,Atmobrass Jaya,200.9,7.3,187,57000,7
ORD-50941,2024-06-09,HW-011,Kotak Kuningan,Aksesori & Plat,Kuningan (Brass),Emas Berkilat,Atmobrass Jaya,107.5,7.7,175,48000,5
ORD-50941,2024-06-09,HW-009,Handle Peti,Pemegang & Tombol,Kuningan (Brass),Coklat Gelap,Atmobrass Jaya,289.1,7.7,169,90000,5
ORD-50943,2024-06-10,HW-003,Engsel Jahit,Engsel,Besi,Coklat Gelap,Atmobrass Jaya,260.1,9.7,102,32000,6
ORD-50944,2024-06-11,HW-003,Engsel Jahit,Engsel,Besi,Coklat Gelap,Atmobrass Jaya,276.1,11.4,145,32000,2
ORD-50945,2024-06-12,HW-011,Kotak Kuningan,Aksesori & Plat,Kuningan (Brass),Perak Berkilat (Chrome),Atmobrass Jaya,75.0,8.6,119,48000,3
ORD-50947,2024-06-16,HW-011,Kotak Kuningan,Aksesori & Plat,Kuningan (Brass),Coklat Gelap,Atmobrass Jaya,47.0,9.1,160,48000,2
ORD-50948,2024-06-16,HW-008,Handle Laci,Pemegang & Tombol,Kuningan (Brass),Coklat Gelap,Atmobrass Jaya,182.2,7.1,163,57000,6
ORD-50948,2024-06-16,HW-009,Handle Peti,Pemegang & Tombol,Kuningan (Brass),Perak Saten,Modern Hardware,252.0,14.5,183,90000,1
ORD-50949,2024-06-19,HW-008,Handle Laci,Pemegang & Tombol,Kuningan (Brass),Perak Berkilat (Chrome),Atmobrass Jaya,94.7,13.1,143,57000,3
ORD-50950,2024-06-22,HW-011,Kotak Kuningan,Aksesori & Plat,Kuningan (Brass),Hitam Matte,Atmobrass Jaya,66.9,5.7,15,48000,2
ORD-50951,2024-06-25,HW-009,Handle Peti,Pemegang & Tombol,Kuningan (Brass),Emas Berkilat,Atmobrass Jaya,278.5,14.9,181,90000,6
ORD-50953,2024-06-28,HW-010,Hanger Kapstok,Aksesori & Plat,Besi,Perak Berkilat (Chrome),Atmobrass Jaya,101.1,7.9,191,19000,5
ORD-50955,2024-06-29,HW-007,Handle Kuningan,Pemegang & Tombol,Kuningan (Brass),Coklat Gelap,Atmobrass Jaya,120.2,10.6,23,210000,9
ORD-50956,2024-06-29,HW-001,Accecoris Katak,Aksesori & Plat,Kuningan (Brass),Perak Berkilat (Chrome),Atmobrass Jaya,120.1,8.1,167,28000,7
ORD-50957,2024-07-02,HW-008,Handle Laci,Pemegang & Tombol,Kuningan (Brass),Emas Matte,Atmobrass Jaya,204.5,10.5,112,57000,1
ORD-50958,2024-07-02,HW-007,Handle Kuningan,Pemegang & Tombol,Kuningan (Brass),Emas Matte,Atmobrass Jaya,276.2,12.3,147,210000,7
ORD-50959,2024-07-04,HW-012,Roda Troli Alumunium,Roda & Kaki Perabot,Aluminium,Emas Matte,Atmobrass Jaya,399.3,9.3,144,34000,3
ORD-50959,2024-07-04,HW-006,Handle Arsip Kuningan,Pemegang & Tombol,Kuningan (Brass),Perak Berkilat (Chrome),Maison Le Forge,117.3,13.0,62,36000,6
ORD-50960,2024-07-04,HW-012,Roda Troli Alumunium,Roda & Kaki Perabot,Aluminium,Hitam Matte,Atmobrass Jaya,373.1,13.8,106,34000,5
ORD-50961,2024-07-05,HW-013,Roda Troli Kuningan,Roda & Kaki Perabot,Kuningan (Brass),Emas Matte,Atmobrass Jaya,301.5,12.1,161,97000,1
ORD-50961,2024-07-05,HW-003,Engsel Jahit,Engsel,Besi,Hitam Matte,Atmobrass Jaya,253.0,14.9,35,32000,8
ORD-50962,2024-07-06,HW-010,Hanger Kapstok,Aksesori & Plat,Besi,Perak Saten,Atmobrass Jaya,120.2,8.7,106,19000,5
ORD-50964,2024-07-11,HW-007,Handle Kuningan,Pemegang & Tombol,Kuningan (Brass),Perak Berkilat (Chrome),Atmobrass Jaya,91.6,10.5,67,210000,8
ORD-50964,2024-07-11,HW-006,Handle Arsip Kuningan,Pemegang & Tombol,Kuningan (Brass),Emas Matte,Modern Hardware,170.5,7.1,105,36000,2
ORD-50965,2024-07-11,HW-008,Handle Laci,Pemegang & Tombol,Kuningan (Brass),Hitam Matte,Modern Hardware,151.0,14.7,127,57000,1
ORD-50967,2024-07-15,HW-012,Roda Troli Alumunium,Roda & Kaki Perabot,Aluminium,Perak Berkilat (Chrome),Atmobrass Jaya,371.2,10.0,75,34000,4
ORD-50968,2024-07-15,HW-012,Roda Troli Alumunium,Roda & Kaki Perabot,Aluminium,Perak Saten,Atmobrass Jaya,434.2,9.3,49,34000,7
ORD-50968,2024-07-15,HW-013,Roda Troli Kuningan,Roda & Kaki Perabot,Kuningan (Brass),Perak Berkilat (Chrome),Atmobrass Jaya,384.8,11.2,107,97000,1
ORD-50970,2024-07-17,HW-011,Kotak Kuningan,Aksesori & Plat,Kuningan (Brass),Emas Berkilat,Atmobrass Jaya,112.7,6.6,48,48000,9
ORD-50970,2024-07-17,HW-010,Hanger Kapstok,Aksesori & Plat,Besi,Perak Saten,Atmobrass Jaya,131.0,6.7,197,19000,2
ORD-50971,2024-07-17,HW-010,Hanger Kapstok,Aksesori & Plat,Besi,Hitam Matte,Atmobrass Jaya,65.9,5.4,192,19000,5
ORD-50972,2024-07-19,HW-007,Handle Kuningan,Pemegang & Tombol,Kuningan (Brass),Coklat Gelap,Maison Le Forge,151.9,9.9,94,210000,9
ORD-50973,2024-07-24,HW-010,Hanger Kapstok,Aksesori & Plat,Besi,Hitam Matte,Atmobrass Jaya,41.4,4.4,115,19000,7
ORD-50974,2024-07-28,HW-007,Handle Kuningan,Pemegang & Tombol,Kuningan (Brass),Emas Berkilat,Atmobrass Jaya,193.6,8.0,124,210000,10
ORD-50976,2024-07-29,HW-007,Handle Kuningan,Pemegang & Tombol,Kuningan (Brass),Coklat Gelap,Atmobrass Jaya,115.4,11.1,40,210000,7
ORD-50976,2024-07-29,HW-010,Hanger Kapstok,Aksesori & Plat,Besi,Coklat Gelap,Maison Le Forge,91.2,5.9,22,19000,3
ORD-50977,2024-07-30,HW-002,Bintang,Aksesori & Plat,Kuningan (Brass),Emas Berkilat,Atmobrass Jaya,32.0,9.8,72,25000,6
ORD-50977,2024-07-30,HW-010,Hanger Kapstok,Aksesori & Plat,Besi,Coklat Gelap,Atmobrass Jaya,78.5,7.7,98,19000,5
ORD-50978,2024-07-30,HW-009,Handle Peti,Pemegang & Tombol,Kuningan (Brass),Hitam Matte,Atmobrass Jaya,118.7,7.7,133,90000,1
ORD-50978,2024-07-30,HW-011,Kotak Kuningan,Aksesori & Plat,Kuningan (Brass),Hitam Matte,Modern Hardware,35.0,8.3,148,48000,4
ORD-50979,2024-07-31,HW-006,Handle Arsip Kuningan,Pemegang & Tombol,Kuningan (Brass),Coklat Gelap,Atmobrass Jaya,197.7,11.7,78,36000,2
ORD-50979,2024-07-31,HW-009,Handle Peti,Pemegang & Tombol,Kuningan (Brass),Hitam Matte,Atmobrass Jaya,205.7,8.3,23,90000,6
ORD-50980,2024-07-31,HW-006,Handle Arsip Kuningan,Pemegang & Tombol,Kuningan (Brass),Emas Matte,Atmobrass Jaya,241.5,10.6,139,36000,8
ORD-50982,2024-08-03,HW-003,Engsel Jahit,Engsel,Besi,Hitam Matte,Maison Le Forge,132.6,12.9,99,32000,3
ORD-50982,2024-08-03,HW-008,Handle Laci,Pemegang & Tombol,Kuningan (Brass),Emas Matte,Atmobrass Jaya,299.1,8.6,63,57000,7
ORD-50983,2024-08-04,HW-008,Handle Laci,Pemegang & Tombol,Kuningan (Brass),Emas Berkilat,Atmobrass Jaya,182.2,9.9,131,57000,4
ORD-50983,2024-08-04,HW-001,Accecoris Katak,Aksesori & Plat,Kuningan (Brass),Emas Berkilat,Atmobrass Jaya,110.2,4.7,167,28000,9
ORD-50985,2024-08-07,HW-008,Handle Laci,Pemegang & Tombol,Kuningan (Brass),Coklat Gelap,Atmobrass Jaya,112.0,12.5,188,57000,2
ORD-50986,2024-08-09,HW-008,Handle Laci,Pemegang & Tombol,Kuningan (Brass),Emas Berkilat,Atmobrass Jaya,215.1,7.3,111,57000,2
ORD-50987,2024-08-13,HW-009,Handle Peti,Pemegang & Tombol,Kuningan (Brass),Hitam Matte,Atmobrass Jaya,219.6,9.4,127,90000,10
ORD-50988,2024-08-13,HW-007,Handle Kuningan,Pemegang & Tombol,Kuningan (Brass),Emas Berkilat,Modern Hardware,174.5,14.3,60,210000,2
ORD-50994,2024-08-18,HW-007,Handle Kuningan,Pemegang & Tombol,Kuningan (Brass),Coklat Gelap,Atmobrass Jaya,210.6,9.8,69,210000,8
ORD-50995,2024-08-19,HW-005,Engsel Tombak,Engsel,Gangsa Antik,Perak Saten,Modern Hardware,113.5,11.7,98,47000,5
ORD-50995,2024-08-19,HW-007,Handle Kuningan,Pemegang & Tombol,Kuningan (Brass),Coklat Gelap,Atmobrass Jaya,198.1,9.3,188,210000,2
ORD-50997,2024-08-21,HW-003,Engsel Jahit,Engsel,Besi,Emas Matte,Atmobrass Jaya,123.6,12.1,132,32000,4
ORD-50999,2024-08-24,HW-009,Handle Peti,Pemegang & Tombol,Kuningan (Brass),Emas Berkilat,Atmobrass Jaya,253.2,10.9,179,90000,7
ORD-51000,2024-08-25,HW-006,Handle Arsip Kuningan,Pemegang & Tombol,Kuningan (Brass),Coklat Gelap,Atmobrass Jaya,172.5,13.6,183,36000,3
ORD-51000,2024-08-25,HW-002,Bintang,Aksesori & Plat,Kuningan (Brass),Perak Berkilat (Chrome),Maison Le Forge,43.4,6.7,199,25000,3
ORD-51002,2024-08-26,HW-013,Roda Troli Kuningan,Roda & Kaki Perabot,Kuningan (Brass),Emas Berkilat,Atmobrass Jaya,281.2,13.0,197,97000,9
ORD-51003,2024-08-27,HW-002,Bintang,Aksesori & Plat,Kuningan (Brass),Perak Berkilat (Chrome),Atmobrass Jaya,30.9,6.9,195,25000,2
ORD-51004,2024-08-28,HW-009,Handle Peti,Pemegang & Tombol,Kuningan (Brass),Perak Berkilat (Chrome),Atmobrass Jaya,108.8,9.8,53,90000,8
ORD-51005,2024-08-28,HW-009,Handle Peti,Pemegang & Tombol,Kuningan (Brass),Emas Matte,Atmobrass Jaya,289.9,13.4,190,90000,3
ORD-51006,2024-08-29,HW-007,Handle Kuningan,Pemegang & Tombol,Kuningan (Brass),Hitam Matte,Atmobrass Jaya,266.2,9.4,68,210000,9
ORD-51008,2024-08-31,HW-006,Handle Arsip Kuningan,Pemegang & Tombol,Kuningan (Brass),Coklat Gelap,Heritage Series,80.3,9.9,41,36000,1
ORD-51008,2024-08-31,HW-002,Bintang,Aksesori & Plat,Kuningan (Brass),Hitam Matte,Atmobrass Jaya,115.8,6.8,15,25000,7
ORD-51009,2024-09-01,HW-005,Engsel Tombak,Engsel,Gangsa Antik,Perak Berkilat (Chrome),Atmobrass Jaya,155.6,13.7,138,47000,4
ORD-51010,2024-09-06,HW-001,Accecoris Katak,Aksesori & Plat,Kuningan (Brass),Hitam Matte,Atmobrass Jaya,148.5,4.0,54,28000,4
ORD-51011,2024-09-07,HW-004,Engsel Kepala Antiq,Engsel,Gangsa Antik,Emas Berkilat,Atmobrass Jaya,86.0,9.3,152,47000,8
ORD-51012,2024-09-07,HW-001,Accecoris Katak,Aksesori & Plat,Kuningan (Brass),Perak Saten,Atmobrass Jaya,80.9,6.1,161,28000,4
ORD-51012,2024-09-07,HW-002,Bintang,Aksesori & Plat,Kuningan (Brass),Emas Berkilat,Atmobrass Jaya,104.9,9.8,137,25000,7
ORD-51015,2024-09-10,HW-002,Bintang,Aksesori & Plat,Kuningan (Brass),Emas Berkilat,Atmobrass Jaya,66.9,4.9,100,25000,7
ORD-51018,2024-09-12,HW-011,Kotak Kuningan,Aksesori & Plat,Kuningan (Brass),Perak Berkilat (Chrome),Atmobrass Jaya,98.4,4.2,32,48000,6
ORD-51018,2024-09-12,HW-003,Engsel Jahit,Engsel,Besi,Hitam Matte,Atmobrass Jaya,80.2,10.1,31,32000,7
ORD-51024,2024-09-16,HW-006,Handle Arsip Kuningan,Pemegang & Tombol,Kuningan (Brass),Emas Matte,Atmobrass Jaya,145.2,7.4,166,36000,8
ORD-51025,2024-09-17,HW-004,Engsel Kepala Antiq,Engsel,Gangsa Antik,Hitam Matte,Modern Hardware,209.1,13.3,54,47000,1
ORD-51025,2024-09-17,HW-010,Hanger Kapstok,Aksesori & Plat,Besi,Emas Berkilat,Atmobrass Jaya,90.5,9.0,35,19000,5
ORD-51025,2024-09-17,HW-008,Handle Laci,Pemegang & Tombol,Kuningan (Brass),Hitam Matte,Atmobrass Jaya,172.5,12.9,181,57000,7
ORD-51026,2024-09-18,HW-003,Engsel Jahit,Engsel,Besi,Emas Berkilat,Modern Hardware,226.4,12.1,30,32000,5
ORD-51027,2024-09-19,HW-013,Roda Troli Kuningan,Roda & Kaki Perabot,Kuningan (Brass),Perak Berkilat (Chrome),Heritage Series,237.6,11.3,179,97000,5
ORD-51031,2024-09-22,HW-002,Bintang,Aksesori & Plat,Kuningan (Brass),Hitam Matte,Atmobrass Jaya,102.4,8.5,70,25000,3
ORD-51031,2024-09-22,HW-012,Roda Troli Alumunium,Roda & Kaki Perabot,Aluminium,Coklat Gelap,Heritage Series,418.0,10.4,165,34000,1
ORD-51032,2024-09-22,HW-009,Handle Peti,Pemegang & Tombol,Kuningan (Brass),Perak Saten,Modern Hardware,88.0,12.6,133,90000,7
ORD-51032,2024-09-22,HW-003,Engsel Jahit,Engsel,Besi,Emas Berkilat,Atmobrass Jaya,293.4,14.3,36,32000,5
ORD-51033,2024-09-23,HW-002,Bintang,Aksesori & Plat,Kuningan (Brass),Coklat Gelap,Atmobrass Jaya,26.0,8.2,36,25000,4
ORD-51033,2024-09-23,HW-002,Bintang,Aksesori & Plat,Kuningan (Brass),Emas Berkilat,Atmobrass Jaya,107.2,4.7,94,25000,2
ORD-51034,2024-09-24,HW-005,Engsel Tombak,Engsel,Gangsa Antik,Emas Berkilat,Atmobrass Jaya,97.7,14.8,66,47000,3
ORD-51034,2024-09-24,HW-008,Handle Laci,Pemegang & Tombol,Kuningan (Brass),Emas Matte,Atmobrass Jaya,101.5,12.6,65,57000,8
ORD-51034,2024-09-24,HW-013,Roda Troli Kuningan,Roda & Kaki Perabot,Kuningan (Brass),Perak Saten,Atmobrass Jaya,404.9,10.9,52,97000,2
ORD-51035,2024-09-25,HW-013,Roda Troli Kuningan,Roda & Kaki Perabot,Kuningan (Brass),Emas Berkilat,Atmobrass Jaya,244.0,11.6,68,97000,4
ORD-51036,2024-09-27,HW-009,Handle Peti,Pemegang & Tombol,Kuningan (Brass),Perak Saten,Atmobrass Jaya,252.3,13.1,54,90000,10
ORD-51037,2024-09-27,HW-012,Roda Troli Alumunium,Roda & Kaki Perabot,Aluminium,Hitam Matte,Atmobrass Jaya,382.6,9.0,148,34000,10
ORD-51038,2024-09-29,HW-009,Handle Peti,Pemegang & Tombol,Kuningan (Brass),Perak Berkilat (Chrome),Atmobrass Jaya,173.1,8.3,114,90000,1
ORD-51038,2024-09-29,HW-012,Roda Troli Alumunium,Roda & Kaki Perabot,Aluminium,Emas Matte,Atmobrass Jaya,266.6,8.2,23,34000,9
ORD-51039,2024-09-30,HW-010,Hanger Kapstok,Aksesori & Plat,Besi,Emas Matte,Heritage Series,145.7,5.6,122,19000,8
ORD-51040,2024-10-02,HW-008,Handle Laci,Pemegang & Tombol,Kuningan (Brass),Emas Berkilat,Maison Le Forge,192.2,9.1,96,57000,1
ORD-51041,2024-10-04,HW-004,Engsel Kepala Antiq,Engsel,Gangsa Antik,Perak Saten,Atmobrass Jaya,234.1,12.3,153,47000,2
ORD-51041,2024-10-04,HW-011,Kotak Kuningan,Aksesori & Plat,Kuningan (Brass),Coklat Gelap,Maison Le Forge,25.5,6.5,74,48000,10
ORD-51041,2024-10-04,HW-013,Roda Troli Kuningan,Roda & Kaki Perabot,Kuningan (Brass),Perak Saten,Maison Le Forge,487.7,8.3,164,97000,1
ORD-51042,2024-10-06,HW-006,Handle Arsip Kuningan,Pemegang & Tombol,Kuningan (Brass),Coklat Gelap,Atmobrass Jaya,105.9,8.1,166,36000,10
ORD-51043,2024-10-09,HW-006,Handle Arsip Kuningan,Pemegang & Tombol,Kuningan (Brass),Perak Saten,Atmobrass Jaya,89.4,10.7,60,36000,5
ORD-51045,2024-10-10,HW-011,Kotak Kuningan,Aksesori & Plat,Kuningan (Brass),Perak Saten,Atmobrass Jaya,35.0,4.5,15,48000,6
ORD-51046,2024-10-12,HW-002,Bintang,Aksesori & Plat,Kuningan (Brass),Perak Berkilat (Chrome),Atmobrass Jaya,79.5,6.1,142,25000,1
ORD-51049,2024-10-13,HW-007,Handle Kuningan,Pemegang & Tombol,Kuningan (Brass),Emas Berkilat,Atmobrass Jaya,202.3,10.5,169,210000,1
ORD-51050,2024-10-16,HW-008,Handle Laci,Pemegang & Tombol,Kuningan (Brass),Hitam Matte,Maison Le Forge,217.0,13.5,101,57000,5
ORD-51051,2024-10-16,HW-002,Bintang,Aksesori & Plat,Kuningan (Brass),Emas Matte,Atmobrass Jaya,141.2,4.4,171,25000,8
ORD-51052,2024-10-17,HW-003,Engsel Jahit,Engsel,Besi,Perak Saten,Atmobrass Jaya,102.4,12.0,37,32000,9
ORD-51052,2024-10-17,HW-003,Engsel Jahit,Engsel,Besi,Coklat Gelap,Atmobrass Jaya,160.9,7.9,102,32000,8
ORD-51053,2024-10-21,HW-002,Bintang,Aksesori & Plat,Kuningan (Brass),Emas Berkilat,Atmobrass Jaya,121.8,6.3,184,25000,7
ORD-51054,2024-10-23,HW-003,Engsel Jahit,Engsel,Besi,Emas Matte,Atmobrass Jaya,217.6,10.1,90,32000,3
ORD-51056,2024-10-27,HW-007,Handle Kuningan,Pemegang & Tombol,Kuningan (Brass),Hitam Matte,Atmobrass Jaya,153.5,15.0,134,210000,3
ORD-51057,2024-10-27,HW-007,Handle Kuningan,Pemegang & Tombol,Kuningan (Brass),Coklat Gelap,Atmobrass Jaya,133.8,12.9,105,210000,5
ORD-51058,2024-10-28,HW-012,Roda Troli Alumunium,Roda & Kaki Perabot,Aluminium,Hitam Matte,Atmobrass Jaya,206.2,11.7,111,34000,5
ORD-51058,2024-10-28,HW-006,Handle Arsip Kuningan,Pemegang & Tombol,Kuningan (Brass),Coklat Gelap,Atmobrass Jaya,85.9,10.7,93,36000,8
ORD-51059,2024-10-31,HW-011,Kotak Kuningan,Aksesori & Plat,Kuningan (Brass),Perak Berkilat (Chrome),Atmobrass Jaya,73.5,5.6,113,48000,4
ORD-51060,2024-10-31,HW-003,Engsel Jahit,Engsel,Besi,Coklat Gelap,Atmobrass Jaya,207.5,13.9,153,32000,4
ORD-51060,2024-10-31,HW-007,Handle Kuningan,Pemegang & Tombol,Kuningan (Brass),Emas Matte,Atmobrass Jaya,240.5,8.9,121,210000,7
ORD-51061,2024-10-31,HW-012,Roda Troli Alumunium,Roda & Kaki Perabot,Aluminium,Emas Matte,Atmobrass Jaya,208.4,8.1,13,34000,3
ORD-51062,2024-11-02,HW-003,Engsel Jahit,Engsel,Besi,Emas Berkilat,Atmobrass Jaya,116.8,7.2,58,32000,3
ORD-51063,2024-11-03,HW-006,Handle Arsip Kuningan,Pemegang & Tombol,Kuningan (Brass),Hitam Matte,Atmobrass Jaya,154.8,12.1,200,36000,6
ORD-51063,2024-11-03,HW-008,Handle Laci,Pemegang & Tombol,Kuningan (Brass),Coklat Gelap,Atmobrass Jaya,281.6,8.0,151,57000,5
ORD-51065,2024-11-05,HW-004,Engsel Kepala Antiq,Engsel,Gangsa Antik,Emas Matte,Atmobrass Jaya,94.3,7.4,84,47000,10
ORD-51066,2024-11-06,HW-008,Handle Laci,Pemegang & Tombol,Kuningan (Brass),Perak Saten,Modern Hardware,148.7,12.1,71,57000,1
ORD-51067,2024-11-06,HW-010,Hanger Kapstok,Aksesori & Plat,Besi,Perak Saten,Atmobrass Jaya,148.3,7.0,123,19000,8
ORD-51069,2024-11-11,HW-004,Engsel Kepala Antiq,Engsel,Gangsa Antik,Emas Matte,Atmobrass Jaya,159.6,14.7,186,47000,2
ORD-51071,2024-11-14,HW-005,Engsel Tombak,Engsel,Gangsa Antik,Coklat Gelap,Atmobrass Jaya,133.3,9.2,83,47000,4
ORD-51071,2024-11-14,HW-003,Engsel Jahit,Engsel,Besi,Hitam Matte,Atmobrass Jaya,178.2,11.8,120,32000,9
ORD-51071,2024-11-14,HW-010,Hanger Kapstok,Aksesori & Plat,Besi,Emas Matte,Atmobrass Jaya,113.9,4.7,108,19000,9
ORD-51072,2024-11-15,HW-006,Handle Arsip Kuningan,Pemegang & Tombol,Kuningan (Brass),Emas Berkilat,Atmobrass Jaya,282.8,11.6,169,36000,9
ORD-51072,2024-11-15,HW-005,Engsel Tombak,Engsel,Gangsa Antik,Perak Saten,Atmobrass Jaya,215.3,8.5,16,47000,7
ORD-51073,2024-11-16,HW-006,Handle Arsip Kuningan,Pemegang & Tombol,Kuningan (Brass),Hitam Matte,Atmobrass Jaya,173.7,14.6,159,36000,2
ORD-51073,2024-11-16,HW-002,Bintang,Aksesori & Plat,Kuningan (Brass),Coklat Gelap,Atmobrass Jaya,138.1,7.3,66,25000,10
ORD-51074,2024-11-16,HW-007,Handle Kuningan,Pemegang & Tombol,Kuningan (Brass),Hitam Matte,Heritage Series,195.6,14.5,66,210000,5
ORD-51075,2024-11-17,HW-008,Handle Laci,Pemegang & Tombol,Kuningan (Brass),Perak Berkilat (Chrome),Atmobrass Jaya,95.0,10.9,83,57000,2
ORD-51075,2024-11-17,HW-001,Accecoris Katak,Aksesori & Plat,Kuningan (Brass),Perak Berkilat (Chrome),Atmobrass Jaya,62.9,4.6,14,28000,4
ORD-51076,2024-11-19,HW-010,Hanger Kapstok,Aksesori & Plat,Besi,Perak Berkilat (Chrome),Atmobrass Jaya,139.4,7.6,144,19000,2
ORD-51076,2024-11-19,HW-001,Accecoris Katak,Aksesori & Plat,Kuningan (Brass),Hitam Matte,Atmobrass Jaya,70.2,9.3,41,28000,6
ORD-51077,2024-11-22,HW-013,Roda Troli Kuningan,Roda & Kaki Perabot,Kuningan (Brass),Coklat Gelap,Atmobrass Jaya,209.0,8.8,198,97000,1
ORD-51077,2024-11-22,HW-007,Handle Kuningan,Pemegang & Tombol,Kuningan (Brass),Coklat Gelap,Heritage Series,281.4,13.4,182,210000,10
ORD-51079,2024-11-23,HW-011,Kotak Kuningan,Aksesori & Plat,Kuningan (Brass),Coklat Gelap,Atmobrass Jaya,116.1,5.0,66,48000,2
ORD-51080,2024-11-23,HW-012,Roda Troli Alumunium,Roda & Kaki Perabot,Aluminium,Hitam Matte,Atmobrass Jaya,277.3,11.6,45,34000,9
ORD-51081,2024-11-23,HW-009,Handle Peti,Pemegang & Tombol,Kuningan (Brass),Emas Matte,Atmobrass Jaya,135.5,9.2,26,90000,10
ORD-51081,2024-11-23,HW-009,Handle Peti,Pemegang & Tombol,Kuningan (Brass),Perak Saten,Atmobrass Jaya,101.9,13.2,62,90000,2
ORD-51082,2024-11-26,HW-012,Roda Troli Alumunium,Roda & Kaki Perabot,Aluminium,Coklat Gelap,Atmobrass Jaya,425.0,10.9,43,34000,4
ORD-51084,2024-11-30,HW-013,Roda Troli Kuningan,Roda & Kaki Perabot,Kuningan (Brass),Emas Berkilat,Atmobrass Jaya,327.5,9.5,59,97000,3
ORD-51084,2024-11-30,HW-009,Handle Peti,Pemegang & Tombol,Kuningan (Brass),Emas Berkilat,Atmobrass Jaya,176.8,8.3,136,90000,8
ORD-51084,2024-11-30,HW-004,Engsel Kepala Antiq,Engsel,Gangsa Antik,Emas Berkilat,Atmobrass Jaya,253.4,9.4,20,47000,1
ORD-51085,2024-12-01,HW-012,Roda Troli Alumunium,Roda & Kaki Perabot,Aluminium,Emas Berkilat,Modern Hardware,354.4,9.6,195,34000,3
ORD-51085,2024-12-01,HW-009,Handle Peti,Pemegang & Tombol,Kuningan (Brass),Emas Matte,Atmobrass Jaya,278.5,9.4,43,90000,10
ORD-51086,2024-12-01,HW-007,Handle Kuningan,Pemegang & Tombol,Kuningan (Brass),Hitam Matte,Maison Le Forge,291.9,13.3,41,210000,7
ORD-51088,2024-12-03,HW-009,Handle Peti,Pemegang & Tombol,Kuningan (Brass),Emas Matte,Atmobrass Jaya,209.4,11.4,12,90000,2
ORD-51089,2024-12-05,HW-001,Accecoris Katak,Aksesori & Plat,Kuningan (Brass),Emas Berkilat,Atmobrass Jaya,110.4,7.0,47,28000,5
ORD-51089,2024-12-05,HW-011,Kotak Kuningan,Aksesori & Plat,Kuningan (Brass),Perak Berkilat (Chrome),Atmobrass Jaya,61.7,7.7,46,48000,5
ORD-51089,2024-12-05,HW-010,Hanger Kapstok,Aksesori & Plat,Besi,Coklat Gelap,Atmobrass Jaya,145.9,7.4,41,19000,8
ORD-51093,2024-12-10,HW-010,Hanger Kapstok,Aksesori & Plat,Besi,Coklat Gelap,Atmobrass Jaya,91.3,5.5,174,19000,6
ORD-51093,2024-12-10,HW-001,Accecoris Katak,Aksesori & Plat,Kuningan (Brass),Perak Saten,Atmobrass Jaya,50.7,9.1,197,28000,6
ORD-51093,2024-12-10,HW-003,Engsel Jahit,Engsel,Besi,Emas Matte,Atmobrass Jaya,244.1,11.6,66,32000,9
ORD-51094,2024-12-14,HW-012,Roda Troli Alumunium,Roda & Kaki Perabot,Aluminium,Perak Berkilat (Chrome),Atmobrass Jaya,442.3,8.8,20,34000,2
ORD-51094,2024-12-14,HW-008,Handle Laci,Pemegang & Tombol,Kuningan (Brass),Coklat Gelap,Atmobrass Jaya,160.2,12.5,129,57000,2
ORD-51097,2024-12-18,HW-001,Accecoris Katak,Aksesori & Plat,Kuningan (Brass),Emas Matte,Atmobrass Jaya,29.1,4.7,191,28000,2
ORD-51098,2024-12-18,HW-013,Roda Troli Kuningan,Roda & Kaki Perabot,Kuningan (Brass),Perak Saten,Atmobrass Jaya,496.6,8.1,140,97000,8
ORD-51099,2024-12-19,HW-008,Handle Laci,Pemegang & Tombol,Kuningan (Brass),Hitam Matte,Atmobrass Jaya,234.2,8.2,96,57000,6
ORD-51100,2024-12-22,HW-009,Handle Peti,Pemegang & Tombol,Kuningan (Brass),Emas Matte,Atmobrass Jaya,256.8,10.4,64,90000,8
ORD-51100,2024-12-22,HW-003,Engsel Jahit,Engsel,Besi,Perak Berkilat (Chrome),Atmobrass Jaya,146.5,7.3,19,32000,3
ORD-51102,2024-12-23,HW-010,Hanger Kapstok,Aksesori & Plat,Besi,Perak Berkilat (Chrome),Atmobrass Jaya,69.4,6.3,86,19000,7
ORD-51104,2024-12-26,HW-011,Kotak Kuningan,Aksesori & Plat,Kuningan (Brass),Emas Berkilat,Atmobrass Jaya,47.2,6.3,13,48000,10
ORD-51105,2024-12-26,HW-008,Handle Laci,Pemegang & Tombol,Kuningan (Brass),Emas Matte,Atmobrass Jaya,268.3,11.8,20,57000,5
ORD-51105,2024-12-26,HW-007,Handle Kuningan,Pemegang & Tombol,Kuningan (Brass),Hitam Matte,Atmobrass Jaya,97.0,10.1,29,210000,8
ORD-51106,2024-12-27,HW-008,Handle Laci,Pemegang & Tombol,Kuningan (Brass),Perak Saten,Heritage Series,286.5,13.2,112,57000,3
ORD-51107,2024-12-28,HW-010,Hanger Kapstok,Aksesori & Plat,Besi,Emas Berkilat,Atmobrass Jaya,96.6,4.5,97,19000,1
ORD-51110,2025-01-04,HW-007,Handle Kuningan,Pemegang & Tombol,Kuningan (Brass),Perak Berkilat (Chrome),Atmobrass Jaya,169.3,8.9,154,210000,3
ORD-51110,2025-01-04,HW-006,Handle Arsip Kuningan,Pemegang & Tombol,Kuningan (Brass),Hitam Matte,Heritage Series,125.8,15.0,100,36000,9
ORD-51112,2025-01-05,HW-008,Handle Laci,Pemegang & Tombol,Kuningan (Brass),Perak Berkilat (Chrome),Modern Hardware,171.1,10.8,121,57000,2
ORD-51113,2025-01-07,HW-007,Handle Kuningan,Pemegang & Tombol,Kuningan (Brass),Perak Saten,Atmobrass Jaya,214.0,12.7,62,210000,9
ORD-51115,2025-01-09,HW-008,Handle Laci,Pemegang & Tombol,Kuningan (Brass),Perak Berkilat (Chrome),Modern Hardware,83.8,11.6,43,57000,10
ORD-51115,2025-01-09,HW-010,Hanger Kapstok,Aksesori & Plat,Besi,Perak Berkilat (Chrome),Atmobrass Jaya,119.2,9.3,129,19000,10
ORD-51116,2025-01-10,HW-001,Accecoris Katak,Aksesori & Plat,Kuningan (Brass),Coklat Gelap,Atmobrass Jaya,22.3,9.1,19,28000,10
ORD-51116,2025-01-10,HW-004,Engsel Kepala Antiq,Engsel,Gangsa Antik,Perak Saten,Atmobrass Jaya,187.0,14.9,176,47000,1
ORD-51117,2025-01-10,HW-007,Handle Kuningan,Pemegang & Tombol,Kuningan (Brass),Coklat Gelap,Atmobrass Jaya,201.4,8.1,22,210000,9
ORD-51118,2025-01-12,HW-007,Handle Kuningan,Pemegang & Tombol,Kuningan (Brass),Perak Saten,Atmobrass Jaya,157.9,10.3,87,210000,5
ORD-51119,2025-01-12,HW-002,Bintang,Aksesori & Plat,Kuningan (Brass),Coklat Gelap,Atmobrass Jaya,53.7,8.9,111,25000,7
ORD-51119,2025-01-12,HW-005,Engsel Tombak,Engsel,Gangsa Antik,Coklat Gelap,Modern Hardware,231.3,13.2,87,47000,3
ORD-51120,2025-01-14,HW-006,Handle Arsip Kuningan,Pemegang & Tombol,Kuningan (Brass),Perak Berkilat (Chrome),Atmobrass Jaya,99.1,11.1,171,36000,6
ORD-51120,2025-01-14,HW-006,Handle Arsip Kuningan,Pemegang & Tombol,Kuningan (Brass),Emas Berkilat,Atmobrass Jaya,88.1,9.9,153,36000,8
ORD-51120,2025-01-14,HW-010,Hanger Kapstok,Aksesori & Plat,Besi,Emas Matte,Atmobrass Jaya,121.8,5.8,164,19000,3
ORD-51121,2025-01-14,HW-006,Handle Arsip Kuningan,Pemegang & Tombol,Kuningan (Brass),Coklat Gelap,Atmobrass Jaya,85.6,13.0,90,36000,5
ORD-51122,2025-01-15,HW-008,Handle Laci,Pemegang & Tombol,Kuningan (Brass),Coklat Gelap,Heritage Series,245.2,13.6,187,57000,10
ORD-51122,2025-01-15,HW-007,Handle Kuningan,Pemegang & Tombol,Kuningan (Brass),Perak Berkilat (Chrome),Atmobrass Jaya,171.9,11.4,165,210000,4
ORD-51122,2025-01-15,HW-012,Roda Troli Alumunium,Roda & Kaki Perabot,Aluminium,Perak Saten,Atmobrass Jaya,465.4,13.2,180,34000,4
ORD-51124,2025-01-16,HW-007,Handle Kuningan,Pemegang & Tombol,Kuningan (Brass),Perak Berkilat (Chrome),Atmobrass Jaya,87.9,8.5,61,210000,10
ORD-51125,2025-01-17,HW-002,Bintang,Aksesori & Plat,Kuningan (Brass),Perak Berkilat (Chrome),Heritage Series,109.6,8.3,110,25000,3
ORD-51126,2025-01-18,HW-011,Kotak Kuningan,Aksesori & Plat,Kuningan (Brass),Perak Berkilat (Chrome),Atmobrass Jaya,61.1,6.8,186,48000,10
ORD-51128,2025-01-20,HW-003,Engsel Jahit,Engsel,Besi,Perak Berkilat (Chrome),Maison Le Forge,185.0,8.1,159,32000,6
ORD-51129,2025-01-22,HW-010,Hanger Kapstok,Aksesori & Plat,Besi,Coklat Gelap,Atmobrass Jaya,102.3,5.8,194,19000,8
ORD-51130,2025-01-22,HW-004,Engsel Kepala Antiq,Engsel,Gangsa Antik,Emas Berkilat,Atmobrass Jaya,128.4,9.7,19,47000,5
ORD-51132,2025-01-29,HW-012,Roda Troli Alumunium,Roda & Kaki Perabot,Aluminium,Coklat Gelap,Atmobrass Jaya,235.5,11.5,40,34000,4
ORD-51133,2025-01-29,HW-003,Engsel Jahit,Engsel,Besi,Emas Matte,Modern Hardware,107.1,7.3,121,32000,1
ORD-51134,2025-01-30,HW-012,Roda Troli Alumunium,Roda & Kaki Perabot,Aluminium,Hitam Matte,Atmobrass Jaya,362.0,12.1,70,34000,4
ORD-51134,2025-01-30,HW-003,Engsel Jahit,Engsel,Besi,Emas Berkilat,Atmobrass Jaya,143.3,8.3,143,32000,7
ORD-51136,2025-02-02,HW-012,Roda Troli Alumunium,Roda & Kaki Perabot,Aluminium,Emas Matte,Atmobrass Jaya,322.6,10.2,48,34000,5
ORD-51136,2025-02-02,HW-011,Kotak Kuningan,Aksesori & Plat,Kuningan (Brass),Coklat Gelap,Atmobrass Jaya,94.4,5.1,102,48000,8
ORD-51141,2025-02-11,HW-001,Accecoris Katak,Aksesori & Plat,Kuningan (Brass),Emas Matte,Modern Hardware,128.4,9.7,121,28000,2
ORD-51142,2025-02-11,HW-004,Engsel Kepala Antiq,Engsel,Gangsa Antik,Emas Matte,Atmobrass Jaya,165.4,9.6,17,47000,3
ORD-51144,2025-02-17,HW-007,Handle Kuningan,Pemegang & Tombol,Kuningan (Brass),Perak Berkilat (Chrome),Atmobrass Jaya,132.0,10.1,167,210000,10
ORD-51146,2025-02-19,HW-007,Handle Kuningan,Pemegang & Tombol,Kuningan (Brass),Emas Berkilat,Atmobrass Jaya,158.2,13.2,147,210000,4
ORD-51147,2025-02-19,HW-001,Accecoris Katak,Aksesori & Plat,Kuningan (Brass),Perak Berkilat (Chrome),Heritage Series,26.7,4.5,25,28000,1
ORD-51148,2025-02-21,HW-001,Accecoris Katak,Aksesori & Plat,Kuningan (Brass),Perak Berkilat (Chrome),Atmobrass Jaya,37.8,9.8,153,28000,1
ORD-51148,2025-02-21,HW-002,Bintang,Aksesori & Plat,Kuningan (Brass),Perak Saten,Atmobrass Jaya,93.8,8.3,184,25000,7
ORD-51149,2025-02-21,HW-005,Engsel Tombak,Engsel,Gangsa Antik,Perak Berkilat (Chrome),Atmobrass Jaya,268.0,12.8,84,47000,4
ORD-51149,2025-02-21,HW-003,Engsel Jahit,Engsel,Besi,Emas Berkilat,Atmobrass Jaya,157.2,8.3,100,32000,2
ORD-51149,2025-02-21,HW-009,Handle Peti,Pemegang & Tombol,Kuningan (Brass),Perak Berkilat (Chrome),Atmobrass Jaya,259.7,7.4,125,90000,1
ORD-51151,2025-02-22,HW-005,Engsel Tombak,Engsel,Gangsa Antik,Emas Matte,Atmobrass Jaya,288.5,7.6,143,47000,1
ORD-51152,2025-02-23,HW-006,Handle Arsip Kuningan,Pemegang & Tombol,Kuningan (Brass),Emas Matte,Atmobrass Jaya,204.2,11.0,97,36000,4
ORD-51152,2025-02-23,HW-004,Engsel Kepala Antiq,Engsel,Gangsa Antik,Hitam Matte,Atmobrass Jaya,124.3,14.4,112,47000,1
ORD-51152,2025-02-23,HW-008,Handle Laci,Pemegang & Tombol,Kuningan (Brass),Perak Berkilat (Chrome),Atmobrass Jaya,275.3,10.5,124,57000,6
ORD-51153,2025-02-23,HW-003,Engsel Jahit,Engsel,Besi,Perak Saten,Heritage Series,213.3,12.9,67,32000,6
ORD-51154,2025-02-25,HW-013,Roda Troli Kuningan,Roda & Kaki Perabot,Kuningan (Brass),Perak Berkilat (Chrome),Atmobrass Jaya,291.8,12.2,107,97000,9
ORD-51155,2025-02-25,HW-004,Engsel Kepala Antiq,Engsel,Gangsa Antik,Coklat Gelap,Atmobrass Jaya,233.4,11.8,172,47000,5
ORD-51157,2025-03-02,HW-008,Handle Laci,Pemegang & Tombol,Kuningan (Brass),Perak Berkilat (Chrome),Atmobrass Jaya,133.9,9.1,25,57000,2
ORD-51158,2025-03-03,HW-013,Roda Troli Kuningan,Roda & Kaki Perabot,Kuningan (Brass),Emas Matte,Atmobrass Jaya,235.9,13.5,69,97000,1
ORD-51165,2025-03-12,HW-006,Handle Arsip Kuningan,Pemegang & Tombol,Kuningan (Brass),Perak Berkilat (Chrome),Atmobrass Jaya,280.5,8.6,104,36000,5
ORD-51166,2025-03-14,HW-013,Roda Troli Kuningan,Roda & Kaki Perabot,Kuningan (Brass),Perak Berkilat (Chrome),Atmobrass Jaya,481.2,11.8,72,97000,5
ORD-51166,2025-03-14,HW-006,Handle Arsip Kuningan,Pemegang & Tombol,Kuningan (Brass),Coklat Gelap,Atmobrass Jaya,170.6,13.5,138,36000,4
ORD-51167,2025-03-14,HW-006,Handle Arsip Kuningan,Pemegang & Tombol,Kuningan (Brass),Hitam Matte,Atmobrass Jaya,150.9,7.2,52,36000,5
ORD-51170,2025-03-16,HW-003,Engsel Jahit,Engsel,Besi,Emas Matte,Atmobrass Jaya,195.0,11.8,177,32000,7
ORD-51172,2025-03-18,HW-013,Roda Troli Kuningan,Roda & Kaki Perabot,Kuningan (Brass),Emas Berkilat,Atmobrass Jaya,363.7,10.1,72,97000,3
ORD-51173,2025-03-19,HW-008,Handle Laci,Pemegang & Tombol,Kuningan (Brass),Hitam Matte,Atmobrass Jaya,160.6,13.4,26,57000,4
ORD-51173,2025-03-19,HW-002,Bintang,Aksesori & Plat,Kuningan (Brass),Hitam Matte,Atmobrass Jaya,119.8,4.2,27,25000,9
ORD-51173,2025-03-19,HW-012,Roda Troli Alumunium,Roda & Kaki Perabot,Aluminium,Hitam Matte,Atmobrass Jaya,363.3,8.1,104,34000,8
ORD-51174,2025-03-19,HW-005,Engsel Tombak,Engsel,Gangsa Antik,Hitam Matte,Atmobrass Jaya,189.7,14.5,12,47000,9
ORD-51178,2025-03-26,HW-006,Handle Arsip Kuningan,Pemegang & Tombol,Kuningan (Brass),Emas Berkilat,Atmobrass Jaya,97.4,8.5,125,36000,8
ORD-51181,2025-03-31,HW-008,Handle Laci,Pemegang & Tombol,Kuningan (Brass),Hitam Matte,Atmobrass Jaya,241.4,14.4,169,57000,6
ORD-51181,2025-03-31,HW-006,Handle Arsip Kuningan,Pemegang & Tombol,Kuningan (Brass),Perak Berkilat (Chrome),Maison Le Forge,160.4,13.8,121,36000,10
ORD-51183,2025-04-09,HW-006,Handle Arsip Kuningan,Pemegang & Tombol,Kuningan (Brass),Hitam Matte,Modern Hardware,142.5,8.0,189,36000,6
ORD-51183,2025-04-09,HW-010,Hanger Kapstok,Aksesori & Plat,Besi,Perak Saten,Atmobrass Jaya,53.1,9.3,51,19000,8
ORD-51185,2025-04-10,HW-009,Handle Peti,Pemegang & Tombol,Kuningan (Brass),Perak Berkilat (Chrome),Atmobrass Jaya,191.6,9.0,49,90000,2
ORD-51186,2025-04-10,HW-005,Engsel Tombak,Engsel,Gangsa Antik,Emas Berkilat,Atmobrass Jaya,237.1,7.3,61,47000,9
ORD-51188,2025-04-11,HW-001,Accecoris Katak,Aksesori & Plat,Kuningan (Brass),Emas Matte,Atmobrass Jaya,114.7,9.1,173,28000,2
ORD-51189,2025-04-11,HW-013,Roda Troli Kuningan,Roda & Kaki Perabot,Kuningan (Brass),Hitam Matte,Atmobrass Jaya,286.8,8.2,36,97000,6
ORD-51189,2025-04-11,HW-012,Roda Troli Alumunium,Roda & Kaki Perabot,Aluminium,Perak Saten,Modern Hardware,421.4,14.0,112,34000,2
ORD-51189,2025-04-11,HW-008,Handle Laci,Pemegang & Tombol,Kuningan (Brass),Perak Berkilat (Chrome),Atmobrass Jaya,100.8,7.1,74,57000,7
ORD-51190,2025-04-12,HW-009,Handle Peti,Pemegang & Tombol,Kuningan (Brass),Perak Berkilat (Chrome),Atmobrass Jaya,260.6,14.4,110,90000,8
ORD-51191,2025-04-13,HW-002,Bintang,Aksesori & Plat,Kuningan (Brass),Emas Matte,Atmobrass Jaya,20.5,9.6,95,25000,8
ORD-51191,2025-04-13,HW-004,Engsel Kepala Antiq,Engsel,Gangsa Antik,Emas Matte,Atmobrass Jaya,254.4,10.3,144,47000,4
ORD-51194,2025-04-18,HW-013,Roda Troli Kuningan,Roda & Kaki Perabot,Kuningan (Brass),Perak Saten,Modern Hardware,418.0,11.4,16,97000,9
ORD-51194,2025-04-18,HW-013,Roda Troli Kuningan,Roda & Kaki Perabot,Kuningan (Brass),Emas Berkilat,Atmobrass Jaya,349.9,10.8,112,97000,8
ORD-51194,2025-04-18,HW-012,Roda Troli Alumunium,Roda & Kaki Perabot,Aluminium,Perak Saten,Atmobrass Jaya,224.4,8.6,118,34000,5
ORD-51195,2025-04-19,HW-001,Accecoris Katak,Aksesori & Plat,Kuningan (Brass),Emas Berkilat,Atmobrass Jaya,34.6,8.3,57,28000,10
ORD-51196,2025-04-22,HW-006,Handle Arsip Kuningan,Pemegang & Tombol,Kuningan (Brass),Coklat Gelap,Atmobrass Jaya,265.4,11.3,158,36000,5
ORD-51196,2025-04-22,HW-001,Accecoris Katak,Aksesori & Plat,Kuningan (Brass),Perak Berkilat (Chrome),Atmobrass Jaya,61.2,5.3,38,28000,5
ORD-51198,2025-04-24,HW-008,Handle Laci,Pemegang & Tombol,Kuningan (Brass),Coklat Gelap,Atmobrass Jaya,243.0,9.9,49,57000,5
ORD-51199,2025-04-25,HW-012,Roda Troli Alumunium,Roda & Kaki Perabot,Aluminium,Emas Berkilat,Atmobrass Jaya,458.3,10.8,39,34000,8
ORD-51200,2025-04-26,HW-009,Handle Peti,Pemegang & Tombol,Kuningan (Brass),Emas Matte,Atmobrass Jaya,102.9,12.4,29,90000,5
ORD-51201,2025-04-27,HW-013,Roda Troli Kuningan,Roda & Kaki Perabot,Kuningan (Brass),Coklat Gelap,Maison Le Forge,318.6,9.5,144,97000,9
ORD-51202,2025-04-27,HW-006,Handle Arsip Kuningan,Pemegang & Tombol,Kuningan (Brass),Perak Berkilat (Chrome),Heritage Series,275.7,7.6,183,36000,2
ORD-51202,2025-04-27,HW-012,Roda Troli Alumunium,Roda & Kaki Perabot,Aluminium,Coklat Gelap,Atmobrass Jaya,415.2,11.9,36,34000,5
ORD-51203,2025-04-30,HW-009,Handle Peti,Pemegang & Tombol,Kuningan (Brass),Emas Berkilat,Atmobrass Jaya,263.7,8.0,101,90000,4
ORD-51205,2025-05-01,HW-008,Handle Laci,Pemegang & Tombol,Kuningan (Brass),Coklat Gelap,Modern Hardware,254.8,8.7,75,57000,7
ORD-51206,2025-05-01,HW-013,Roda Troli Kuningan,Roda & Kaki Perabot,Kuningan (Brass),Perak Berkilat (Chrome),Atmobrass Jaya,300.7,11.9,167,97000,1
ORD-51206,2025-05-01,HW-006,Handle Arsip Kuningan,Pemegang & Tombol,Kuningan (Brass),Perak Berkilat (Chrome),Atmobrass Jaya,207.2,9.2,189,36000,1
ORD-51208,2025-05-02,HW-009,Handle Peti,Pemegang & Tombol,Kuningan (Brass),Perak Saten,Heritage Series,287.7,8.5,149,90000,10
ORD-51209,2025-05-04,HW-006,Handle Arsip Kuningan,Pemegang & Tombol,Kuningan (Brass),Emas Matte,Atmobrass Jaya,82.7,8.9,115,36000,7
ORD-51210,2025-05-05,HW-013,Roda Troli Kuningan,Roda & Kaki Perabot,Kuningan (Brass),Perak Berkilat (Chrome),Atmobrass Jaya,483.6,8.8,60,97000,6
ORD-51210,2025-05-05,HW-005,Engsel Tombak,Engsel,Gangsa Antik,Emas Matte,Atmobrass Jaya,142.7,9.7,194,47000,1
ORD-51211,2025-05-07,HW-010,Hanger Kapstok,Aksesori & Plat,Besi,Hitam Matte,Atmobrass Jaya,82.3,4.3,88,19000,2
ORD-51212,2025-05-07,HW-008,Handle Laci,Pemegang & Tombol,Kuningan (Brass),Coklat Gelap,Atmobrass Jaya,283.4,8.3,181,57000,1
ORD-51213,2025-05-08,HW-013,Roda Troli Kuningan,Roda & Kaki Perabot,Kuningan (Brass),Hitam Matte,Atmobrass Jaya,333.5,13.1,43,97000,10
ORD-51214,2025-05-08,HW-002,Bintang,Aksesori & Plat,Kuningan (Brass),Emas Matte,Atmobrass Jaya,72.9,6.7,55,25000,5
ORD-51215,2025-05-08,HW-009,Handle Peti,Pemegang & Tombol,Kuningan (Brass),Perak Saten,Atmobrass Jaya,141.0,14.9,64,90000,6
ORD-51216,2025-05-11,HW-007,Handle Kuningan,Pemegang & Tombol,Kuningan (Brass),Perak Berkilat (Chrome),Atmobrass Jaya,112.3,11.0,184,210000,2
ORD-51216,2025-05-11,HW-008,Handle Laci,Pemegang & Tombol,Kuningan (Brass),Emas Matte,Atmobrass Jaya,197.8,14.2,91,57000,10
ORD-51216,2025-05-11,HW-004,Engsel Kepala Antiq,Engsel,Gangsa Antik,Coklat Gelap,Atmobrass Jaya,80.7,10.4,106,47000,9
ORD-51217,2025-05-14,HW-013,Roda Troli Kuningan,Roda & Kaki Perabot,Kuningan (Brass),Hitam Matte,Atmobrass Jaya,318.6,9.9,92,97000,2
ORD-51218,2025-05-15,HW-009,Handle Peti,Pemegang & Tombol,Kuningan (Brass),Perak Saten,Maison Le Forge,153.2,8.5,95,90000,8
ORD-51219,2025-05-15,HW-003,Engsel Jahit,Engsel,Besi,Hitam Matte,Atmobrass Jaya,191.8,10.0,136,32000,10
ORD-51220,2025-05-16,HW-006,Handle Arsip Kuningan,Pemegang & Tombol,Kuningan (Brass),Coklat Gelap,Atmobrass Jaya,274.8,7.2,75,36000,1
ORD-51221,2025-05-19,HW-006,Handle Arsip Kuningan,Pemegang & Tombol,Kuningan (Brass),Perak Saten,Modern Hardware,104.3,10.3,196,36000,5
ORD-51223,2025-05-21,HW-004,Engsel Kepala Antiq,Engsel,Gangsa Antik,Emas Berkilat,Atmobrass Jaya,149.7,11.7,183,47000,4
ORD-51224,2025-05-22,HW-007,Handle Kuningan,Pemegang & Tombol,Kuningan (Brass),Coklat Gelap,Atmobrass Jaya,233.6,12.2,104,210000,6
ORD-51224,2025-05-22,HW-004,Engsel Kepala Antiq,Engsel,Gangsa Antik,Coklat Gelap,Atmobrass Jaya,187.5,12.3,26,47000,8
ORD-51224,2025-05-22,HW-001,Accecoris Katak,Aksesori & Plat,Kuningan (Brass),Perak Berkilat (Chrome),Atmobrass Jaya,72.1,7.9,86,28000,4
ORD-51225,2025-05-23,HW-005,Engsel Tombak,Engsel,Gangsa Antik,Emas Matte,Maison Le Forge,222.4,9.7,49,47000,8
ORD-51225,2025-05-23,HW-010,Hanger Kapstok,Aksesori & Plat,Besi,Perak Saten,Modern Hardware,100.6,8.5,49,19000,6
ORD-51225,2025-05-23,HW-010,Hanger Kapstok,Aksesori & Plat,Besi,Perak Saten,Atmobrass Jaya,113.1,9.3,110,19000,5
ORD-51226,2025-05-23,HW-013,Roda Troli Kuningan,Roda & Kaki Perabot,Kuningan (Brass),Perak Saten,Atmobrass Jaya,310.8,9.0,57,97000,4
ORD-51227,2025-05-24,HW-008,Handle Laci,Pemegang & Tombol,Kuningan (Brass),Perak Saten,Atmobrass Jaya,85.4,13.6,132,57000,10
ORD-51228,2025-05-25,HW-010,Hanger Kapstok,Aksesori & Plat,Besi,Perak Saten,Atmobrass Jaya,56.1,7.4,186,19000,10
ORD-51229,2025-05-25,HW-011,Kotak Kuningan,Aksesori & Plat,Kuningan (Brass),Hitam Matte,Atmobrass Jaya,100.3,5.1,41,48000,2
ORD-51231,2025-05-26,HW-006,Handle Arsip Kuningan,Pemegang & Tombol,Kuningan (Brass),Coklat Gelap,Atmobrass Jaya,196.8,10.8,135,36000,8
ORD-51232,2025-05-27,HW-007,Handle Kuningan,Pemegang & Tombol,Kuningan (Brass),Perak Saten,Atmobrass Jaya,174.1,8.2,91,210000,1
ORD-51233,2025-05-27,HW-003,Engsel Jahit,Engsel,Besi,Hitam Matte,Atmobrass Jaya,257.9,12.9,35,32000,4
ORD-51234,2025-05-30,HW-004,Engsel Kepala Antiq,Engsel,Gangsa Antik,Perak Saten,Atmobrass Jaya,166.0,9.7,135,47000,3
ORD-51234,2025-05-30,HW-004,Engsel Kepala Antiq,Engsel,Gangsa Antik,Perak Berkilat (Chrome),Atmobrass Jaya,208.0,13.5,26,47000,6
ORD-51234,2025-05-30,HW-003,Engsel Jahit,Engsel,Besi,Emas Matte,Atmobrass Jaya,181.5,7.4,85,32000,7
ORD-51236,2025-05-31,HW-005,Engsel Tombak,Engsel,Gangsa Antik,Emas Matte,Modern Hardware,262.6,14.4,38,47000,7
ORD-51240,2025-06-06,HW-010,Hanger Kapstok,Aksesori & Plat,Besi,Emas Matte,Atmobrass Jaya,143.3,9.1,46,19000,8
ORD-51242,2025-06-09,HW-006,Handle Arsip Kuningan,Pemegang & Tombol,Kuningan (Brass),Perak Berkilat (Chrome),Atmobrass Jaya,157.8,7.3,52,36000,9
ORD-51243,2025-06-11,HW-001,Accecoris Katak,Aksesori & Plat,Kuningan (Brass),Hitam Matte,Atmobrass Jaya,121.4,7.8,107,28000,4
ORD-51244,2025-06-12,HW-006,Handle Arsip Kuningan,Pemegang & Tombol,Kuningan (Brass),Emas Matte,Maison Le Forge,94.4,12.3,140,36000,8
ORD-51244,2025-06-12,HW-003,Engsel Jahit,Engsel,Besi,Emas Berkilat,Atmobrass Jaya,218.3,12.9,24,32000,5
ORD-51244,2025-06-12,HW-002,Bintang,Aksesori & Plat,Kuningan (Brass),Coklat Gelap,Heritage Series,108.2,9.6,164,25000,5
ORD-51245,2025-06-13,HW-001,Accecoris Katak,Aksesori & Plat,Kuningan (Brass),Coklat Gelap,Atmobrass Jaya,141.4,5.5,188,28000,9
ORD-51245,2025-06-13,HW-009,Handle Peti,Pemegang & Tombol,Kuningan (Brass),Perak Saten,Atmobrass Jaya,133.7,8.7,73,90000,8
ORD-51245,2025-06-13,HW-009,Handle Peti,Pemegang & Tombol,Kuningan (Brass),Perak Berkilat (Chrome),Atmobrass Jaya,252.4,14.2,112,90000,7
ORD-51247,2025-06-15,HW-007,Handle Kuningan,Pemegang & Tombol,Kuningan (Brass),Emas Berkilat,Atmobrass Jaya,257.9,8.3,32,210000,4
ORD-51248,2025-06-16,HW-006,Handle Arsip Kuningan,Pemegang & Tombol,Kuningan (Brass),Emas Matte,Atmobrass Jaya,235.2,10.5,165,36000,2
ORD-51250,2025-06-17,HW-008,Handle Laci,Pemegang & Tombol,Kuningan (Brass),Perak Saten,Atmobrass Jaya,163.1,8.1,160,57000,3
ORD-51251,2025-06-21,HW-013,Roda Troli Kuningan,Roda & Kaki Perabot,Kuningan (Brass),Coklat Gelap,Atmobrass Jaya,385.2,12.3,129,97000,8
ORD-51251,2025-06-21,HW-007,Handle Kuningan,Pemegang & Tombol,Kuningan (Brass),Coklat Gelap,Atmobrass Jaya,232.9,8.2,45,210000,2
ORD-51254,2025-06-23,HW-001,Accecoris Katak,Aksesori & Plat,Kuningan (Brass),Coklat Gelap,Atmobrass Jaya,77.4,6.0,198,28000,8
ORD-51254,2025-06-23,HW-005,Engsel Tombak,Engsel,Gangsa Antik,Emas Berkilat,Modern Hardware,217.8,12.6,150,47000,1
ORD-51255,2025-06-23,HW-004,Engsel Kepala Antiq,Engsel,Gangsa Antik,Coklat Gelap,Atmobrass Jaya,100.6,8.3,173,47000,5
ORD-51257,2025-06-29,HW-006,Handle Arsip Kuningan,Pemegang & Tombol,Kuningan (Brass),Coklat Gelap,Atmobrass Jaya,82.1,10.5,153,36000,6
ORD-51261,2025-07-06,HW-007,Handle Kuningan,Pemegang & Tombol,Kuningan (Brass),Coklat Gelap,Atmobrass Jaya,209.4,7.8,98,210000,6
ORD-51262,2025-07-06,HW-007,Handle Kuningan,Pemegang & Tombol,Kuningan (Brass),Perak Berkilat (Chrome),Atmobrass Jaya,268.9,7.9,57,210000,7
ORD-51263,2025-07-07,HW-009,Handle Peti,Pemegang & Tombol,Kuningan (Brass),Emas Berkilat,Atmobrass Jaya,241.4,11.4,94,90000,9
ORD-51265,2025-07-08,HW-002,Bintang,Aksesori & Plat,Kuningan (Brass),Emas Berkilat,Modern Hardware,142.6,5.5,127,25000,9
ORD-51265,2025-07-08,HW-002,Bintang,Aksesori & Plat,Kuningan (Brass),Perak Berkilat (Chrome),Atmobrass Jaya,123.5,7.2,71,25000,4
ORD-51266,2025-07-09,HW-007,Handle Kuningan,Pemegang & Tombol,Kuningan (Brass),Perak Berkilat (Chrome),Modern Hardware,164.9,13.1,109,210000,10
ORD-51267,2025-07-09,HW-004,Engsel Kepala Antiq,Engsel,Gangsa Antik,Emas Matte,Atmobrass Jaya,265.5,9.1,119,47000,3
ORD-51269,2025-07-12,HW-008,Handle Laci,Pemegang & Tombol,Kuningan (Brass),Perak Berkilat (Chrome),Atmobrass Jaya,126.8,8.3,118,57000,6
ORD-51270,2025-07-12,HW-001,Accecoris Katak,Aksesori & Plat,Kuningan (Brass),Emas Matte,Maison Le Forge,46.0,9.4,42,28000,9
ORD-51272,2025-07-20,HW-009,Handle Peti,Pemegang & Tombol,Kuningan (Brass),Coklat Gelap,Atmobrass Jaya,115.3,14.5,175,90000,8
ORD-51273,2025-07-21,HW-002,Bintang,Aksesori & Plat,Kuningan (Brass),Emas Berkilat,Atmobrass Jaya,56.1,10.0,51,25000,6
ORD-51274,2025-07-21,HW-011,Kotak Kuningan,Aksesori & Plat,Kuningan (Brass),Perak Saten,Atmobrass Jaya,32.7,9.6,115,48000,10
ORD-51275,2025-07-21,HW-009,Handle Peti,Pemegang & Tombol,Kuningan (Brass),Perak Saten,Atmobrass Jaya,268.2,9.3,71,90000,8
ORD-51276,2025-07-22,HW-002,Bintang,Aksesori & Plat,Kuningan (Brass),Perak Saten,Atmobrass Jaya,89.5,5.2,82,25000,1
ORD-51280,2025-07-29,HW-008,Handle Laci,Pemegang & Tombol,Kuningan (Brass),Emas Berkilat,Modern Hardware,222.2,13.9,199,57000,2
ORD-51282,2025-08-01,HW-007,Handle Kuningan,Pemegang & Tombol,Kuningan (Brass),Perak Berkilat (Chrome),Atmobrass Jaya,265.9,14.4,187,210000,1
ORD-51285,2025-08-02,HW-013,Roda Troli Kuningan,Roda & Kaki Perabot,Kuningan (Brass),Emas Matte,Atmobrass Jaya,403.6,10.3,165,97000,4
ORD-51287,2025-08-03,HW-010,Hanger Kapstok,Aksesori & Plat,Besi,Emas Berkilat,Atmobrass Jaya,28.7,9.3,10,19000,7
ORD-51287,2025-08-03,HW-003,Engsel Jahit,Engsel,Besi,Emas Matte,Atmobrass Jaya,253.9,8.1,100,32000,8
ORD-51288,2025-08-06,HW-007,Handle Kuningan,Pemegang & Tombol,Kuningan (Brass),Coklat Gelap,Atmobrass Jaya,87.5,13.0,22,210000,9
ORD-51289,2025-08-07,HW-013,Roda Troli Kuningan,Roda & Kaki Perabot,Kuningan (Brass),Perak Saten,Atmobrass Jaya,301.3,9.8,131,97000,4
ORD-51290,2025-08-08,HW-009,Handle Peti,Pemegang & Tombol,Kuningan (Brass),Perak Berkilat (Chrome),Atmobrass Jaya,103.1,12.9,163,90000,3
ORD-51290,2025-08-08,HW-007,Handle Kuningan,Pemegang & Tombol,Kuningan (Brass),Hitam Matte,Atmobrass Jaya,221.1,10.9,149,210000,8
ORD-51291,2025-08-08,HW-008,Handle Laci,Pemegang & Tombol,Kuningan (Brass),Emas Berkilat,Atmobrass Jaya,105.6,7.5,172,57000,4
ORD-51293,2025-08-10,HW-007,Handle Kuningan,Pemegang & Tombol,Kuningan (Brass),Perak Berkilat (Chrome),Atmobrass Jaya,266.6,7.7,153,210000,6
ORD-51294,2025-08-11,HW-010,Hanger Kapstok,Aksesori & Plat,Besi,Perak Saten,Atmobrass Jaya,64.3,8.0,123,19000,5
ORD-51295,2025-08-14,HW-003,Engsel Jahit,Engsel,Besi,Coklat Gelap,Atmobrass Jaya,143.8,9.3,161,32000,5
ORD-51296,2025-08-16,HW-001,Accecoris Katak,Aksesori & Plat,Kuningan (Brass),Perak Saten,Atmobrass Jaya,139.4,9.8,158,28000,4
ORD-51296,2025-08-16,HW-008,Handle Laci,Pemegang & Tombol,Kuningan (Brass),Emas Berkilat,Modern Hardware,224.6,12.0,59,57000,1
ORD-51299,2025-08-23,HW-004,Engsel Kepala Antiq,Engsel,Gangsa Antik,Perak Saten,Atmobrass Jaya,270.3,11.5,63,47000,6
ORD-51300,2025-08-23,HW-002,Bintang,Aksesori & Plat,Kuningan (Brass),Coklat Gelap,Maison Le Forge,127.9,9.5,99,25000,7
ORD-51301,2025-08-25,HW-010,Hanger Kapstok,Aksesori & Plat,Besi,Perak Saten,Atmobrass Jaya,50.9,8.9,33,19000,6
ORD-51301,2025-08-25,HW-003,Engsel Jahit,Engsel,Besi,Coklat Gelap,Heritage Series,135.0,7.8,71,32000,8
ORD-51303,2025-08-29,HW-008,Handle Laci,Pemegang & Tombol,Kuningan (Brass),Emas Berkilat,Atmobrass Jaya,202.8,13.3,45,57000,3
ORD-51304,2025-08-29,HW-011,Kotak Kuningan,Aksesori & Plat,Kuningan (Brass),Emas Berkilat,Atmobrass Jaya,127.1,4.3,182,48000,4
ORD-51305,2025-08-30,HW-012,Roda Troli Alumunium,Roda & Kaki Perabot,Aluminium,Coklat Gelap,Atmobrass Jaya,331.1,13.7,175,34000,8
ORD-51306,2025-08-31,HW-008,Handle Laci,Pemegang & Tombol,Kuningan (Brass),Emas Berkilat,Atmobrass Jaya,279.4,9.3,77,57000,8
ORD-51307,2025-09-01,HW-008,Handle Laci,Pemegang & Tombol,Kuningan (Brass),Hitam Matte,Heritage Series,224.6,9.2,28,57000,6
ORD-51307,2025-09-01,HW-008,Handle Laci,Pemegang & Tombol,Kuningan (Brass),Coklat Gelap,Atmobrass Jaya,106.9,7.8,120,57000,10
ORD-51309,2025-09-02,HW-008,Handle Laci,Pemegang & Tombol,Kuningan (Brass),Emas Berkilat,Atmobrass Jaya,148.9,13.9,182,57000,9
ORD-51310,2025-09-02,HW-001,Accecoris Katak,Aksesori & Plat,Kuningan (Brass),Perak Berkilat (Chrome),Atmobrass Jaya,45.7,9.7,96,28000,3
ORD-51311,2025-09-02,HW-005,Engsel Tombak,Engsel,Gangsa Antik,Coklat Gelap,Atmobrass Jaya,136.8,8.1,73,47000,10
ORD-51312,2025-09-04,HW-011,Kotak Kuningan,Aksesori & Plat,Kuningan (Brass),Coklat Gelap,Atmobrass Jaya,91.1,4.4,27,48000,3
ORD-51312,2025-09-04,HW-007,Handle Kuningan,Pemegang & Tombol,Kuningan (Brass),Perak Berkilat (Chrome),Atmobrass Jaya,249.0,8.5,153,210000,9
ORD-51313,2025-09-04,HW-006,Handle Arsip Kuningan,Pemegang & Tombol,Kuningan (Brass),Hitam Matte,Atmobrass Jaya,121.4,11.0,73,36000,9
ORD-51313,2025-09-04,HW-008,Handle Laci,Pemegang & Tombol,Kuningan (Brass),Emas Matte,Atmobrass Jaya,245.4,11.4,105,57000,4
ORD-51314,2025-09-05,HW-001,Accecoris Katak,Aksesori & Plat,Kuningan (Brass),Hitam Matte,Atmobrass Jaya,57.0,6.4,126,28000,9
ORD-51317,2025-09-08,HW-002,Bintang,Aksesori & Plat,Kuningan (Brass),Hitam Matte,Heritage Series,63.8,7.4,69,25000,4
ORD-51318,2025-09-08,HW-006,Handle Arsip Kuningan,Pemegang & Tombol,Kuningan (Brass),Perak Saten,Atmobrass Jaya,249.3,14.1,177,36000,8
ORD-51319,2025-09-09,HW-011,Kotak Kuningan,Aksesori & Plat,Kuningan (Brass),Perak Saten,Atmobrass Jaya,28.5,5.2,83,48000,1
ORD-51322,2025-09-14,HW-005,Engsel Tombak,Engsel,Gangsa Antik,Emas Berkilat,Atmobrass Jaya,249.0,13.4,99,47000,5
ORD-51323,2025-09-14,HW-010,Hanger Kapstok,Aksesori & Plat,Besi,Coklat Gelap,Atmobrass Jaya,64.6,5.9,106,19000,9
ORD-51323,2025-09-14,HW-011,Kotak Kuningan,Aksesori & Plat,Kuningan (Brass),Hitam Matte,Maison Le Forge,50.1,6.6,22,48000,4
ORD-51324,2025-09-17,HW-008,Handle Laci,Pemegang & Tombol,Kuningan (Brass),Coklat Gelap,Atmobrass Jaya,225.7,12.6,142,57000,6
ORD-51324,2025-09-17,HW-004,Engsel Kepala Antiq,Engsel,Gangsa Antik,Perak Berkilat (Chrome),Heritage Series,241.5,11.3,45,47000,2
ORD-51324,2025-09-17,HW-005,Engsel Tombak,Engsel,Gangsa Antik,Emas Berkilat,Atmobrass Jaya,94.7,11.4,178,47000,9
ORD-51325,2025-09-19,HW-011,Kotak Kuningan,Aksesori & Plat,Kuningan (Brass),Coklat Gelap,Atmobrass Jaya,141.0,7.2,165,48000,9
ORD-51326,2025-09-19,HW-007,Handle Kuningan,Pemegang & Tombol,Kuningan (Brass),Hitam Matte,Atmobrass Jaya,235.5,12.1,50,210000,3
ORD-51326,2025-09-19,HW-002,Bintang,Aksesori & Plat,Kuningan (Brass),Hitam Matte,Modern Hardware,115.0,7.3,156,25000,7
ORD-51326,2025-09-19,HW-013,Roda Troli Kuningan,Roda & Kaki Perabot,Kuningan (Brass),Emas Matte,Heritage Series,414.6,10.5,151,97000,2
ORD-51326,2025-09-19,HW-005,Engsel Tombak,Engsel,Gangsa Antik,Perak Saten,Atmobrass Jaya,264.6,10.9,36,47000,1
ORD-51327,2025-09-20,HW-011,Kotak Kuningan,Aksesori & Plat,Kuningan (Brass),Hitam Matte,Atmobrass Jaya,77.5,4.1,71,48000,5
ORD-51329,2025-09-23,HW-009,Handle Peti,Pemegang & Tombol,Kuningan (Brass),Perak Saten,Atmobrass Jaya,246.2,9.6,28,90000,3
ORD-51329,2025-09-23,HW-004,Engsel Kepala Antiq,Engsel,Gangsa Antik,Emas Matte,Atmobrass Jaya,118.4,13.5,164,47000,5
ORD-51330,2025-09-23,HW-012,Roda Troli Alumunium,Roda & Kaki Perabot,Aluminium,Emas Matte,Atmobrass Jaya,238.3,9.6,40,34000,9
ORD-51332,2025-09-24,HW-010,Hanger Kapstok,Aksesori & Plat,Besi,Emas Matte,Atmobrass Jaya,104.9,5.3,20,19000,3
ORD-51332,2025-09-24,HW-011,Kotak Kuningan,Aksesori & Plat,Kuningan (Brass),Hitam Matte,Atmobrass Jaya,114.5,9.0,60,48000,1
ORD-51333,2025-09-25,HW-009,Handle Peti,Pemegang & Tombol,Kuningan (Brass),Hitam Matte,Atmobrass Jaya,174.4,8.4,43,90000,2
ORD-51334,2025-09-26,HW-012,Roda Troli Alumunium,Roda & Kaki Perabot,Aluminium,Coklat Gelap,Atmobrass Jaya,497.1,13.7,49,34000,1
ORD-51335,2025-09-26,HW-002,Bintang,Aksesori & Plat,Kuningan (Brass),Hitam Matte,Atmobrass Jaya,120.5,6.9,128,25000,8
ORD-51336,2025-09-27,HW-010,Hanger Kapstok,Aksesori & Plat,Besi,Emas Berkilat,Atmobrass Jaya,24.7,9.8,105,19000,6
ORD-51336,2025-09-27,HW-011,Kotak Kuningan,Aksesori & Plat,Kuningan (Brass),Perak Berkilat (Chrome),Atmobrass Jaya,56.7,4.6,16,48000,9
ORD-51339,2025-09-29,HW-007,Handle Kuningan,Pemegang & Tombol,Kuningan (Brass),Emas Matte,Atmobrass Jaya,263.2,13.4,133,210000,5
ORD-51340,2025-09-29,HW-001,Accecoris Katak,Aksesori & Plat,Kuningan (Brass),Hitam Matte,Maison Le Forge,129.0,7.3,79,28000,6
ORD-51340,2025-09-29,HW-001,Accecoris Katak,Aksesori & Plat,Kuningan (Brass),Emas Matte,Atmobrass Jaya,55.9,9.3,128,28000,3
ORD-51341,2025-10-02,HW-003,Engsel Jahit,Engsel,Besi,Perak Berkilat (Chrome),Atmobrass Jaya,92.4,14.0,73,32000,4
ORD-51341,2025-10-02,HW-005,Engsel Tombak,Engsel,Gangsa Antik,Emas Berkilat,Atmobrass Jaya,178.3,7.8,153,47000,7
ORD-51341,2025-10-02,HW-010,Hanger Kapstok,Aksesori & Plat,Besi,Emas Berkilat,Heritage Series,124.9,8.9,191,19000,7
ORD-51342,2025-10-02,HW-002,Bintang,Aksesori & Plat,Kuningan (Brass),Emas Matte,Atmobrass Jaya,136.8,9.3,53,25000,6
ORD-51343,2025-10-02,HW-001,Accecoris Katak,Aksesori & Plat,Kuningan (Brass),Perak Saten,Atmobrass Jaya,20.9,5.9,147,28000,6
ORD-51344,2025-10-04,HW-008,Handle Laci,Pemegang & Tombol,Kuningan (Brass),Hitam Matte,Atmobrass Jaya,180.9,8.4,59,57000,2
ORD-51348,2025-10-10,HW-008,Handle Laci,Pemegang & Tombol,Kuningan (Brass),Coklat Gelap,Atmobrass Jaya,232.1,8.1,93,57000,6
ORD-51348,2025-10-10,HW-011,Kotak Kuningan,Aksesori & Plat,Kuningan (Brass),Emas Matte,Atmobrass Jaya,102.0,4.1,130,48000,7
ORD-51349,2025-10-12,HW-011,Kotak Kuningan,Aksesori & Plat,Kuningan (Brass),Emas Berkilat,Atmobrass Jaya,141.0,6.2,95,48000,9
ORD-51350,2025-10-12,HW-001,Accecoris Katak,Aksesori & Plat,Kuningan (Brass),Hitam Matte,Atmobrass Jaya,111.8,9.2,109,28000,1
ORD-51350,2025-10-12,HW-012,Roda Troli Alumunium,Roda & Kaki Perabot,Aluminium,Coklat Gelap,Atmobrass Jaya,410.9,12.4,85,34000,2
ORD-51352,2025-10-18,HW-001,Accecoris Katak,Aksesori & Plat,Kuningan (Brass),Emas Berkilat,Atmobrass Jaya,45.6,8.2,116,28000,8
ORD-51353,2025-10-18,HW-012,Roda Troli Alumunium,Roda & Kaki Perabot,Aluminium,Perak Berkilat (Chrome),Atmobrass Jaya,235.4,12.2,196,34000,1
ORD-51357,2025-10-23,HW-003,Engsel Jahit,Engsel,Besi,Emas Matte,Atmobrass Jaya,235.3,14.9,108,32000,4
ORD-51359,2025-10-25,HW-002,Bintang,Aksesori & Plat,Kuningan (Brass),Hitam Matte,Atmobrass Jaya,77.1,4.1,132,25000,1
ORD-51360,2025-10-26,HW-007,Handle Kuningan,Pemegang & Tombol,Kuningan (Brass),Coklat Gelap,Atmobrass Jaya,91.6,8.9,149,210000,4
ORD-51361,2025-10-27,HW-006,Handle Arsip Kuningan,Pemegang & Tombol,Kuningan (Brass),Coklat Gelap,Atmobrass Jaya,173.9,7.5,132,36000,10
ORD-51362,2025-10-29,HW-005,Engsel Tombak,Engsel,Gangsa Antik,Emas Matte,Atmobrass Jaya,139.8,12.2,180,47000,7
ORD-51363,2025-10-30,HW-005,Engsel Tombak,Engsel,Gangsa Antik,Perak Saten,Atmobrass Jaya,291.8,13.9,109,47000,1
ORD-51363,2025-10-30,HW-013,Roda Troli Kuningan,Roda & Kaki Perabot,Kuningan (Brass),Hitam Matte,Atmobrass Jaya,334.9,8.8,46,97000,5
ORD-51365,2025-11-01,HW-010,Hanger Kapstok,Aksesori & Plat,Besi,Emas Matte,Heritage Series,106.3,9.6,93,19000,9
ORD-51367,2025-11-09,HW-006,Handle Arsip Kuningan,Pemegang & Tombol,Kuningan (Brass),Hitam Matte,Atmobrass Jaya,191.4,11.4,46,36000,9
ORD-51367,2025-11-09,HW-002,Bintang,Aksesori & Plat,Kuningan (Brass),Emas Matte,Modern Hardware,97.8,9.3,13,25000,1
ORD-51368,2025-11-10,HW-013,Roda Troli Kuningan,Roda & Kaki Perabot,Kuningan (Brass),Emas Matte,Atmobrass Jaya,415.0,8.8,162,97000,5
ORD-51368,2025-11-10,HW-003,Engsel Jahit,Engsel,Besi,Coklat Gelap,Atmobrass Jaya,246.1,13.0,111,32000,8
ORD-51369,2025-11-11,HW-012,Roda Troli Alumunium,Roda & Kaki Perabot,Aluminium,Emas Matte,Atmobrass Jaya,438.9,11.8,112,34000,3
ORD-51370,2025-11-15,HW-007,Handle Kuningan,Pemegang & Tombol,Kuningan (Brass),Hitam Matte,Atmobrass Jaya,201.7,9.9,144,210000,7
ORD-51373,2025-11-18,HW-007,Handle Kuningan,Pemegang & Tombol,Kuningan (Brass),Perak Berkilat (Chrome),Atmobrass Jaya,256.6,13.0,67,210000,7
ORD-51374,2025-11-18,HW-002,Bintang,Aksesori & Plat,Kuningan (Brass),Perak Saten,Atmobrass Jaya,25.7,4.5,33,25000,8
ORD-51374,2025-11-18,HW-013,Roda Troli Kuningan,Roda & Kaki Perabot,Kuningan (Brass),Emas Berkilat,Atmobrass Jaya,497.8,12.2,69,97000,3
ORD-51374,2025-11-18,HW-010,Hanger Kapstok,Aksesori & Plat,Besi,Coklat Gelap,Atmobrass Jaya,113.5,5.2,191,19000,1
ORD-51375,2025-11-18,HW-008,Handle Laci,Pemegang & Tombol,Kuningan (Brass),Emas Berkilat,Atmobrass Jaya,281.5,11.5,75,57000,8
ORD-51375,2025-11-18,HW-006,Handle Arsip Kuningan,Pemegang & Tombol,Kuningan (Brass),Hitam Matte,Atmobrass Jaya,182.9,8.6,43,36000,8
ORD-51376,2025-11-20,HW-013,Roda Troli Kuningan,Roda & Kaki Perabot,Kuningan (Brass),Perak Berkilat (Chrome),Atmobrass Jaya,415.7,9.9,16,97000,1
ORD-51376,2025-11-20,HW-006,Handle Arsip Kuningan,Pemegang & Tombol,Kuningan (Brass),Emas Berkilat,Atmobrass Jaya,104.5,9.5,137,36000,10
ORD-51377,2025-11-20,HW-002,Bintang,Aksesori & Plat,Kuningan (Brass),Hitam Matte,Atmobrass Jaya,55.1,8.6,27,25000,7
ORD-51377,2025-11-20,HW-008,Handle Laci,Pemegang & Tombol,Kuningan (Brass),Emas Matte,Atmobrass Jaya,226.5,12.2,127,57000,10
ORD-51378,2025-11-21,HW-013,Roda Troli Kuningan,Roda & Kaki Perabot,Kuningan (Brass),Emas Berkilat,Atmobrass Jaya,437.3,12.0,13,97000,9
ORD-51378,2025-11-21,HW-002,Bintang,Aksesori & Plat,Kuningan (Brass),Perak Berkilat (Chrome),Maison Le Forge,124.3,6.0,195,25000,7
ORD-51379,2025-11-22,HW-003,Engsel Jahit,Engsel,Besi,Emas Matte,Modern Hardware,144.6,8.7,41,32000,1
ORD-51379,2025-11-22,HW-013,Roda Troli Kuningan,Roda & Kaki Perabot,Kuningan (Brass),Emas Matte,Atmobrass Jaya,465.3,10.6,85,97000,4
ORD-51380,2025-11-27,HW-006,Handle Arsip Kuningan,Pemegang & Tombol,Kuningan (Brass),Emas Matte,Atmobrass Jaya,115.3,7.4,150,36000,2
ORD-51381,2025-11-27,HW-004,Engsel Kepala Antiq,Engsel,Gangsa Antik,Coklat Gelap,Atmobrass Jaya,98.7,7.0,21,47000,4
ORD-51383,2025-11-29,HW-004,Engsel Kepala Antiq,Engsel,Gangsa Antik,Perak Berkilat (Chrome),Atmobrass Jaya,224.3,7.8,66,47000,5
ORD-51383,2025-11-29,HW-008,Handle Laci,Pemegang & Tombol,Kuningan (Brass),Perak Saten,Atmobrass Jaya,140.9,10.2,158,57000,3
ORD-51384,2025-11-30,HW-001,Accecoris Katak,Aksesori & Plat,Kuningan (Brass),Perak Berkilat (Chrome),Atmobrass Jaya,143.4,10.0,175,28000,1
ORD-51384,2025-11-30,HW-012,Roda Troli Alumunium,Roda & Kaki Perabot,Aluminium,Perak Saten,Atmobrass Jaya,439.7,12.1,23,34000,8
ORD-51384,2025-11-30,HW-011,Kotak Kuningan,Aksesori & Plat,Kuningan (Brass),Emas Berkilat,Atmobrass Jaya,101.2,4.8,105,48000,4
ORD-51385,2025-12-01,HW-011,Kotak Kuningan,Aksesori & Plat,Kuningan (Brass),Emas Berkilat,Maison Le Forge,132.5,5.1,128,48000,10
ORD-51386,2025-12-01,HW-005,Engsel Tombak,Engsel,Gangsa Antik,Perak Saten,Atmobrass Jaya,126.0,13.3,97,47000,9
ORD-51387,2025-12-02,HW-012,Roda Troli Alumunium,Roda & Kaki Perabot,Aluminium,Emas Matte,Maison Le Forge,331.7,8.7,148,34000,7
ORD-51387,2025-12-02,HW-011,Kotak Kuningan,Aksesori & Plat,Kuningan (Brass),Perak Berkilat (Chrome),Atmobrass Jaya,75.0,5.8,136,48000,9
ORD-51387,2025-12-02,HW-012,Roda Troli Alumunium,Roda & Kaki Perabot,Aluminium,Emas Matte,Modern Hardware,367.9,11.8,19,34000,2
ORD-51389,2025-12-04,HW-012,Roda Troli Alumunium,Roda & Kaki Perabot,Aluminium,Perak Berkilat (Chrome),Atmobrass Jaya,394.3,9.5,124,34000,2
ORD-51392,2025-12-06,HW-011,Kotak Kuningan,Aksesori & Plat,Kuningan (Brass),Perak Berkilat (Chrome),Atmobrass Jaya,60.5,10.0,161,48000,9
ORD-51393,2025-12-07,HW-011,Kotak Kuningan,Aksesori & Plat,Kuningan (Brass),Hitam Matte,Atmobrass Jaya,50.6,8.8,76,48000,3
ORD-51395,2025-12-08,HW-013,Roda Troli Kuningan,Roda & Kaki Perabot,Kuningan (Brass),Perak Saten,Atmobrass Jaya,308.1,12.9,85,97000,5
ORD-51395,2025-12-08,HW-005,Engsel Tombak,Engsel,Gangsa Antik,Hitam Matte,Modern Hardware,148.5,14.0,73,47000,2
ORD-51396,2025-12-09,HW-011,Kotak Kuningan,Aksesori & Plat,Kuningan (Brass),Emas Berkilat,Maison Le Forge,114.1,8.5,83,48000,2
ORD-51398,2025-12-11,HW-010,Hanger Kapstok,Aksesori & Plat,Besi,Coklat Gelap,Atmobrass Jaya,118.3,5.9,199,19000,3
ORD-51399,2025-12-12,HW-013,Roda Troli Kuningan,Roda & Kaki Perabot,Kuningan (Brass),Perak Berkilat (Chrome),Atmobrass Jaya,431.4,12.7,136,97000,7
ORD-51400,2025-12-12,HW-013,Roda Troli Kuningan,Roda & Kaki Perabot,Kuningan (Brass),Perak Saten,Atmobrass Jaya,379.3,11.4,187,97000,5
ORD-51401,2025-12-13,HW-012,Roda Troli Alumunium,Roda & Kaki Perabot,Aluminium,Perak Berkilat (Chrome),Atmobrass Jaya,202.6,12.7,122,34000,5
ORD-51402,2025-12-14,HW-009,Handle Peti,Pemegang & Tombol,Kuningan (Brass),Emas Matte,Atmobrass Jaya,183.5,12.5,144,90000,9
ORD-51402,2025-12-14,HW-013,Roda Troli Kuningan,Roda & Kaki Perabot,Kuningan (Brass),Coklat Gelap,Atmobrass Jaya,391.7,13.3,117,97000,8
ORD-51404,2025-12-14,HW-005,Engsel Tombak,Engsel,Gangsa Antik,Emas Berkilat,Atmobrass Jaya,233.1,8.6,29,47000,6
ORD-51406,2025-12-18,HW-008,Handle Laci,Pemegang & Tombol,Kuningan (Brass),Perak Saten,Atmobrass Jaya,259.8,9.8,135,57000,4
ORD-51407,2025-12-19,HW-013,Roda Troli Kuningan,Roda & Kaki Perabot,Kuningan (Brass),Perak Saten,Atmobrass Jaya,393.6,11.4,126,97000,5
ORD-51407,2025-12-19,HW-007,Handle Kuningan,Pemegang & Tombol,Kuningan (Brass),Hitam Matte,Atmobrass Jaya,106.4,14.2,74,210000,9
ORD-51408,2025-12-24,HW-003,Engsel Jahit,Engsel,Besi,Hitam Matte,Atmobrass Jaya,222.8,8.8,80,32000,10
ORD-51409,2025-12-27,HW-009,Handle Peti,Pemegang & Tombol,Kuningan (Brass),Coklat Gelap,Atmobrass Jaya,177.5,7.1,73,90000,3
ORD-51409,2025-12-27,HW-002,Bintang,Aksesori & Plat,Kuningan (Brass),Perak Berkilat (Chrome),Atmobrass Jaya,93.8,7.8,26,25000,2
ORD-51410,2025-12-27,HW-011,Kotak Kuningan,Aksesori & Plat,Kuningan (Brass),Perak Berkilat (Chrome),Atmobrass Jaya,144.8,9.0,48,48000,3
ORD-51410,2025-12-27,HW-004,Engsel Kepala Antiq,Engsel,Gangsa Antik,Emas Matte,Maison Le Forge,116.0,10.9,101,47000,9
ORD-51411,2026-01-01,HW-008,Handle Laci,Pemegang & Tombol,Kuningan (Brass),Perak Saten,Atmobrass Jaya,224.9,9.1,62,57000,7
ORD-51416,2026-01-07,HW-003,Engsel Jahit,Engsel,Besi,Perak Berkilat (Chrome),Atmobrass Jaya,146.5,13.8,84,32000,8
ORD-51417,2026-01-07,HW-002,Bintang,Aksesori & Plat,Kuningan (Brass),Emas Matte,Modern Hardware,104.6,6.3,17,25000,7
ORD-51418,2026-01-08,HW-009,Handle Peti,Pemegang & Tombol,Kuningan (Brass),Emas Berkilat,Atmobrass Jaya,124.8,13.0,43,90000,5
ORD-51419,2026-01-08,HW-012,Roda Troli Alumunium,Roda & Kaki Perabot,Aluminium,Hitam Matte,Atmobrass Jaya,486.0,11.5,144,34000,8
ORD-51420,2026-01-10,HW-010,Hanger Kapstok,Aksesori & Plat,Besi,Emas Berkilat,Atmobrass Jaya,80.4,8.6,64,19000,1
ORD-51420,2026-01-10,HW-012,Roda Troli Alumunium,Roda & Kaki Perabot,Aluminium,Perak Saten,Atmobrass Jaya,466.2,12.4,94,34000,4
ORD-51421,2026-01-12,HW-012,Roda Troli Alumunium,Roda & Kaki Perabot,Aluminium,Coklat Gelap,Atmobrass Jaya,312.7,11.4,92,34000,3
ORD-51421,2026-01-12,HW-013,Roda Troli Kuningan,Roda & Kaki Perabot,Kuningan (Brass),Emas Matte,Atmobrass Jaya,357.6,11.2,35,97000,2
ORD-51423,2026-01-16,HW-013,Roda Troli Kuningan,Roda & Kaki Perabot,Kuningan (Brass),Perak Berkilat (Chrome),Atmobrass Jaya,449.8,9.0,62,97000,5
ORD-51424,2026-01-20,HW-005,Engsel Tombak,Engsel,Gangsa Antik,Emas Berkilat,Atmobrass Jaya,224.1,14.8,119,47000,4
ORD-51424,2026-01-20,HW-003,Engsel Jahit,Engsel,Besi,Emas Berkilat,Atmobrass Jaya,82.8,10.4,173,32000,8
ORD-51424,2026-01-20,HW-013,Roda Troli Kuningan,Roda & Kaki Perabot,Kuningan (Brass),Emas Berkilat,Atmobrass Jaya,321.1,13.9,69,97000,2
ORD-51427,2026-01-28,HW-002,Bintang,Aksesori & Plat,Kuningan (Brass),Hitam Matte,Atmobrass Jaya,119.2,9.6,95,25000,1
ORD-51428,2026-01-30,HW-010,Hanger Kapstok,Aksesori & Plat,Besi,Perak Saten,Atmobrass Jaya,112.2,5.2,89,19000,5
ORD-51429,2026-01-30,HW-007,Handle Kuningan,Pemegang & Tombol,Kuningan (Brass),Emas Berkilat,Atmobrass Jaya,269.7,7.3,132,210000,8
ORD-51429,2026-01-30,HW-010,Hanger Kapstok,Aksesori & Plat,Besi,Coklat Gelap,Atmobrass Jaya,23.7,8.2,113,19000,8
ORD-51430,2026-02-01,HW-003,Engsel Jahit,Engsel,Besi,Perak Saten,Modern Hardware,151.7,10.9,40,32000,10
ORD-51430,2026-02-01,HW-008,Handle Laci,Pemegang & Tombol,Kuningan (Brass),Emas Berkilat,Atmobrass Jaya,163.3,7.2,40,57000,4
ORD-51431,2026-02-03,HW-013,Roda Troli Kuningan,Roda & Kaki Perabot,Kuningan (Brass),Perak Saten,Atmobrass Jaya,225.1,13.4,59,97000,6
ORD-51433,2026-02-10,HW-007,Handle Kuningan,Pemegang & Tombol,Kuningan (Brass),Emas Berkilat,Atmobrass Jaya,258.3,12.5,173,210000,3
ORD-51434,2026-02-10,HW-001,Accecoris Katak,Aksesori & Plat,Kuningan (Brass),Coklat Gelap,Atmobrass Jaya,45.1,6.4,22,28000,10
ORD-51434,2026-02-10,HW-011,Kotak Kuningan,Aksesori & Plat,Kuningan (Brass),Coklat Gelap,Atmobrass Jaya,57.1,7.4,86,48000,5
ORD-51436,2026-02-11,HW-011,Kotak Kuningan,Aksesori & Plat,Kuningan (Brass),Emas Berkilat,Atmobrass Jaya,144.9,8.1,188,48000,5
ORD-51437,2026-02-12,HW-009,Handle Peti,Pemegang & Tombol,Kuningan (Brass),Perak Berkilat (Chrome),Atmobrass Jaya,86.9,13.6,37,90000,4
ORD-51437,2026-02-12,HW-010,Hanger Kapstok,Aksesori & Plat,Besi,Emas Matte,Atmobrass Jaya,57.1,9.4,112,19000,2
ORD-51439,2026-02-15,HW-011,Kotak Kuningan,Aksesori & Plat,Kuningan (Brass),Hitam Matte,Atmobrass Jaya,28.9,6.0,16,48000,4
ORD-51441,2026-02-17,HW-010,Hanger Kapstok,Aksesori & Plat,Besi,Hitam Matte,Modern Hardware,83.2,5.7,91,19000,5
ORD-51441,2026-02-17,HW-001,Accecoris Katak,Aksesori & Plat,Kuningan (Brass),Emas Matte,Atmobrass Jaya,88.6,8.4,101,28000,5
ORD-51442,2026-02-17,HW-007,Handle Kuningan,Pemegang & Tombol,Kuningan (Brass),Emas Berkilat,Atmobrass Jaya,83.0,9.4,42,210000,1
ORD-51442,2026-02-17,HW-013,Roda Troli Kuningan,Roda & Kaki Perabot,Kuningan (Brass),Emas Berkilat,Atmobrass Jaya,417.0,9.5,57,97000,9
ORD-51443,2026-02-18,HW-010,Hanger Kapstok,Aksesori & Plat,Besi,Emas Berkilat,Maison Le Forge,120.5,9.3,48,19000,2
ORD-51444,2026-02-18,HW-013,Roda Troli Kuningan,Roda & Kaki Perabot,Kuningan (Brass),Perak Berkilat (Chrome),Atmobrass Jaya,320.8,13.2,30,97000,5
ORD-51445,2026-02-20,HW-006,Handle Arsip Kuningan,Pemegang & Tombol,Kuningan (Brass),Coklat Gelap,Maison Le Forge,235.8,11.3,92,36000,3
ORD-51446,2026-02-21,HW-002,Bintang,Aksesori & Plat,Kuningan (Brass),Coklat Gelap,Atmobrass Jaya,50.0,4.7,58,25000,3
ORD-51446,2026-02-21,HW-012,Roda Troli Alumunium,Roda & Kaki Perabot,Aluminium,Coklat Gelap,Atmobrass Jaya,397.7,14.0,116,34000,1
ORD-51447,2026-02-22,HW-006,Handle Arsip Kuningan,Pemegang & Tombol,Kuningan (Brass),Hitam Matte,Atmobrass Jaya,190.0,13.7,125,36000,5
ORD-51448,2026-02-25,HW-005,Engsel Tombak,Engsel,Gangsa Antik,Perak Berkilat (Chrome),Atmobrass Jaya,152.0,10.1,51,47000,3
ORD-51450,2026-03-01,HW-001,Accecoris Katak,Aksesori & Plat,Kuningan (Brass),Perak Berkilat (Chrome),Atmobrass Jaya,100.3,5.5,153,28000,3
ORD-51451,2026-03-03,HW-004,Engsel Kepala Antiq,Engsel,Gangsa Antik,Hitam Matte,Atmobrass Jaya,198.1,10.7,72,47000,2
ORD-51452,2026-03-03,HW-007,Handle Kuningan,Pemegang & Tombol,Kuningan (Brass),Perak Berkilat (Chrome),Atmobrass Jaya,269.2,7.3,119,210000,1
ORD-51453,2026-03-05,HW-013,Roda Troli Kuningan,Roda & Kaki Perabot,Kuningan (Brass),Perak Berkilat (Chrome),Atmobrass Jaya,486.6,12.2,28,97000,2
ORD-51454,2026-03-05,HW-002,Bintang,Aksesori & Plat,Kuningan (Brass),Emas Matte,Atmobrass Jaya,145.6,9.3,118,25000,9
ORD-51455,2026-03-07,HW-009,Handle Peti,Pemegang & Tombol,Kuningan (Brass),Hitam Matte,Atmobrass Jaya,295.1,13.1,55,90000,8
ORD-51457,2026-03-11,HW-001,Accecoris Katak,Aksesori & Plat,Kuningan (Brass),Perak Berkilat (Chrome),Atmobrass Jaya,118.8,8.4,123,28000,5
ORD-51457,2026-03-11,HW-010,Hanger Kapstok,Aksesori & Plat,Besi,Perak Berkilat (Chrome),Atmobrass Jaya,79.6,4.0,132,19000,7
ORD-51458,2026-03-12,HW-005,Engsel Tombak,Engsel,Gangsa Antik,Perak Berkilat (Chrome),Atmobrass Jaya,133.6,11.2,191,47000,5
ORD-51458,2026-03-12,HW-002,Bintang,Aksesori & Plat,Kuningan (Brass),Hitam Matte,Heritage Series,61.5,9.7,175,25000,5
ORD-51458,2026-03-12,HW-005,Engsel Tombak,Engsel,Gangsa Antik,Perak Berkilat (Chrome),Atmobrass Jaya,168.4,10.3,44,47000,8
ORD-51459,2026-03-12,HW-006,Handle Arsip Kuningan,Pemegang & Tombol,Kuningan (Brass),Hitam Matte,Atmobrass Jaya,89.7,7.5,175,36000,5
ORD-51460,2026-03-14,HW-007,Handle Kuningan,Pemegang & Tombol,Kuningan (Brass),Emas Berkilat,Atmobrass Jaya,288.8,10.6,67,210000,6
ORD-51462,2026-03-15,HW-010,Hanger Kapstok,Aksesori & Plat,Besi,Emas Berkilat,Atmobrass Jaya,112.7,8.8,183,19000,2
ORD-51462,2026-03-15,HW-010,Hanger Kapstok,Aksesori & Plat,Besi,Coklat Gelap,Atmobrass Jaya,78.9,7.1,137,19000,5
ORD-51464,2026-03-19,HW-009,Handle Peti,Pemegang & Tombol,Kuningan (Brass),Hitam Matte,Atmobrass Jaya,224.2,14.8,14,90000,6
ORD-51465,2026-03-19,HW-012,Roda Troli Alumunium,Roda & Kaki Perabot,Aluminium,Perak Saten,Maison Le Forge,472.6,13.3,191,34000,7
ORD-51466,2026-03-24,HW-007,Handle Kuningan,Pemegang & Tombol,Kuningan (Brass),Coklat Gelap,Maison Le Forge,107.3,14.8,180,210000,5
ORD-51470,2026-04-04,HW-010,Hanger Kapstok,Aksesori & Plat,Besi,Perak Saten,Atmobrass Jaya,63.1,7.9,189,19000,1
ORD-51472,2026-04-06,HW-010,Hanger Kapstok,Aksesori & Plat,Besi,Hitam Matte,Atmobrass Jaya,78.0,6.3,116,19000,10
ORD-51473,2026-04-09,HW-001,Accecoris Katak,Aksesori & Plat,Kuningan (Brass),Coklat Gelap,Heritage Series,43.6,6.9,127,28000,10
ORD-51473,2026-04-09,HW-007,Handle Kuningan,Pemegang & Tombol,Kuningan (Brass),Emas Berkilat,Atmobrass Jaya,194.4,13.5,199,210000,7
ORD-51474,2026-04-10,HW-012,Roda Troli Alumunium,Roda & Kaki Perabot,Aluminium,Perak Berkilat (Chrome),Atmobrass Jaya,479.0,8.2,129,34000,1
ORD-51476,2026-04-14,HW-008,Handle Laci,Pemegang & Tombol,Kuningan (Brass),Emas Matte,Atmobrass Jaya,190.2,8.7,13,57000,3
ORD-51476,2026-04-14,HW-013,Roda Troli Kuningan,Roda & Kaki Perabot,Kuningan (Brass),Perak Saten,Atmobrass Jaya,362.3,13.5,91,97000,9
ORD-51478,2026-04-15,HW-005,Engsel Tombak,Engsel,Gangsa Antik,Perak Saten,Atmobrass Jaya,170.7,10.0,94,47000,2
ORD-51478,2026-04-15,HW-012,Roda Troli Alumunium,Roda & Kaki Perabot,Aluminium,Hitam Matte,Atmobrass Jaya,349.2,10.7,84,34000,5
ORD-51479,2026-04-16,HW-002,Bintang,Aksesori & Plat,Kuningan (Brass),Emas Berkilat,Atmobrass Jaya,80.1,7.2,36,25000,3
ORD-51480,2026-04-16,HW-009,Handle Peti,Pemegang & Tombol,Kuningan (Brass),Coklat Gelap,Atmobrass Jaya,251.5,13.7,130,90000,7
ORD-51481,2026-04-19,HW-013,Roda Troli Kuningan,Roda & Kaki Perabot,Kuningan (Brass),Perak Berkilat (Chrome),Atmobrass Jaya,240.0,11.7,48,97000,3
ORD-51481,2026-04-19,HW-009,Handle Peti,Pemegang & Tombol,Kuningan (Brass),Perak Berkilat (Chrome),Atmobrass Jaya,88.2,11.0,171,90000,9
ORD-51485,2026-04-23,HW-002,Bintang,Aksesori & Plat,Kuningan (Brass),Coklat Gelap,Atmobrass Jaya,104.7,5.3,53,25000,3
ORD-51486,2026-04-23,HW-002,Bintang,Aksesori & Plat,Kuningan (Brass),Emas Matte,Atmobrass Jaya,28.8,4.0,145,25000,5
ORD-51487,2026-04-24,HW-011,Kotak Kuningan,Aksesori & Plat,Kuningan (Brass),Hitam Matte,Atmobrass Jaya,129.2,6.6,129,48000,7
ORD-51487,2026-04-24,HW-006,Handle Arsip Kuningan,Pemegang & Tombol,Kuningan (Brass),Perak Berkilat (Chrome),Atmobrass Jaya,85.2,7.9,154,36000,2
ORD-51488,2026-04-24,HW-011,Kotak Kuningan,Aksesori & Plat,Kuningan (Brass),Perak Saten,Atmobrass Jaya,139.4,6.9,109,48000,6
ORD-51490,2026-04-27,HW-011,Kotak Kuningan,Aksesori & Plat,Kuningan (Brass),Perak Saten,Atmobrass Jaya,34.8,7.5,82,48000,5
ORD-51490,2026-04-27,HW-004,Engsel Kepala Antiq,Engsel,Gangsa Antik,Emas Matte,Atmobrass Jaya,223.1,14.8,22,47000,2
ORD-51491,2026-04-27,HW-003,Engsel Jahit,Engsel,Besi,Hitam Matte,Modern Hardware,244.0,12.9,114,32000,9
ORD-51493,2026-04-28,HW-011,Kotak Kuningan,Aksesori & Plat,Kuningan (Brass),Coklat Gelap,Atmobrass Jaya,80.7,7.1,25,48000,8
ORD-51494,2026-04-29,HW-002,Bintang,Aksesori & Plat,Kuningan (Brass),Emas Berkilat,Heritage Series,42.2,7.7,182,25000,3
ORD-51495,2026-04-30,HW-013,Roda Troli Kuningan,Roda & Kaki Perabot,Kuningan (Brass),Coklat Gelap,Atmobrass Jaya,291.2,11.1,27,97000,3
ORD-51496,2026-04-30,HW-004,Engsel Kepala Antiq,Engsel,Gangsa Antik,Perak Saten,Atmobrass Jaya,235.5,12.0,192,47000,10
ORD-51497,2026-05-01,HW-006,Handle Arsip Kuningan,Pemegang & Tombol,Kuningan (Brass),Emas Matte,Atmobrass Jaya,167.8,8.7,136,36000,7
ORD-51497,2026-05-01,HW-013,Roda Troli Kuningan,Roda & Kaki Perabot,Kuningan (Brass),Emas Berkilat,Atmobrass Jaya,264.0,11.3,191,97000,8
ORD-51498,2026-05-02,HW-013,Roda Troli Kuningan,Roda & Kaki Perabot,Kuningan (Brass),Hitam Matte,Atmobrass Jaya,259.7,11.3,65,97000,7
ORD-51499,2026-05-03,HW-002,Bintang,Aksesori & Plat,Kuningan (Brass),Emas Berkilat,Modern Hardware,66.9,8.0,73,25000,3
ORD-51503,2026-05-07,HW-012,Roda Troli Alumunium,Roda & Kaki Perabot,Aluminium,Emas Berkilat,Atmobrass Jaya,342.4,10.6,162,34000,5
ORD-51505,2026-05-12,HW-011,Kotak Kuningan,Aksesori & Plat,Kuningan (Brass),Perak Berkilat (Chrome),Atmobrass Jaya,67.0,4.3,115,48000,3
ORD-51506,2026-05-12,HW-007,Handle Kuningan,Pemegang & Tombol,Kuningan (Brass),Perak Berkilat (Chrome),Atmobrass Jaya,222.1,14.9,114,210000,8
ORD-51506,2026-05-12,HW-011,Kotak Kuningan,Aksesori & Plat,Kuningan (Brass),Perak Saten,Atmobrass Jaya,111.5,6.5,78,48000,7
ORD-51508,2026-05-23,HW-005,Engsel Tombak,Engsel,Gangsa Antik,Coklat Gelap,Atmobrass Jaya,136.3,7.1,75,47000,4
ORD-51508,2026-05-23,HW-010,Hanger Kapstok,Aksesori & Plat,Besi,Emas Berkilat,Atmobrass Jaya,119.4,7.8,63,19000,6
ORD-51509,2026-05-23,HW-011,Kotak Kuningan,Aksesori & Plat,Kuningan (Brass),Emas Berkilat,Atmobrass Jaya,25.6,9.2,18,48000,8
ORD-51511,2026-05-27,HW-009,Handle Peti,Pemegang & Tombol,Kuningan (Brass),Hitam Matte,Atmobrass Jaya,203.7,10.8,124,90000,6
ORD-51512,2026-05-29,HW-006,Handle Arsip Kuningan,Pemegang & Tombol,Kuningan (Brass),Emas Berkilat,Atmobrass Jaya,220.2,14.7,134,36000,8
ORD-51512,2026-05-29,HW-011,Kotak Kuningan,Aksesori & Plat,Kuningan (Brass),Perak Berkilat (Chrome),Atmobrass Jaya,111.5,7.5,16,48000,2
ORD-51513,2026-05-30,HW-003,Engsel Jahit,Engsel,Besi,Coklat Gelap,Atmobrass Jaya,155.7,9.1,137,32000,2
ORD-51514,2026-05-31,HW-010,Hanger Kapstok,Aksesori & Plat,Besi,Hitam Matte,Atmobrass Jaya,78.0,6.3,61,19000,8
ORD-51515,2026-05-31,HW-009,Handle Peti,Pemegang & Tombol,Kuningan (Brass),Perak Saten,Atmobrass Jaya,284.8,7.1,34,90000,10
ORD-51516,2026-06-01,HW-006,Handle Arsip Kuningan,Pemegang & Tombol,Kuningan (Brass),Coklat Gelap,Atmobrass Jaya,239.3,12.8,104,36000,3
ORD-51517,2026-06-02,HW-010,Hanger Kapstok,Aksesori & Plat,Besi,Perak Saten,Atmobrass Jaya,113.1,9.3,67,19000,1
ORD-51518,2026-06-02,HW-008,Handle Laci,Pemegang & Tombol,Kuningan (Brass),Perak Berkilat (Chrome),Atmobrass Jaya,128.2,14.8,132,57000,2
ORD-51519,2026-06-03,HW-003,Engsel Jahit,Engsel,Besi,Perak Berkilat (Chrome),Atmobrass Jaya,146.5,13.8,11,32000,4
ORD-51520,2026-06-03,HW-001,Accecoris Katak,Aksesori & Plat,Kuningan (Brass),Emas Berkilat,Atmobrass Jaya,87.8,5.7,181,28000,7
ORD-51520,2026-06-04,HW-008,Handle Laci,Pemegang & Tombol,Kuningan (Brass),Perak Saten,Atmobrass Jaya,276.7,10.8,173,57000,4
ORD-51521,2026-06-04,HW-003,Engsel Jahit,Engsel,Besi,Hitam Matte,Atmobrass Jaya,261.2,9.5,87,32000,10
ORD-51522,2026-06-05,HW-007,Handle Kuningan,Pemegang & Tombol,Kuningan (Brass),Coklat Gelap,Atmobrass Jaya,264.9,10.2,50,210000,3
ORD-51522,2026-06-05,HW-006,Handle Arsip Kuningan,Pemegang & Tombol,Kuningan (Brass),Emas Berkilat,Atmobrass Jaya,220.2,14.7,187,36000,4
ORD-51522,2026-06-06,HW-004,Engsel Kepala Antiq,Engsel,Gangsa Antik,Hitam Matte,Atmobrass Jaya,198.1,10.7,164,47000,2
ORD-51523,2026-06-06,HW-005,Engsel Tombak,Engsel,Gangsa Antik,Hitam Matte,Atmobrass Jaya,290.6,11.6,59,47000,8
ORD-51524,2026-06-07,HW-009,Handle Peti,Pemegang & Tombol,Kuningan (Brass),Emas Berkilat,Atmobrass Jaya,124.8,13.0,92,90000,7
ORD-51525,2026-06-08,HW-008,Handle Laci,Pemegang & Tombol,Kuningan (Brass),Coklat Gelap,Modern Hardware,254.8,8.7,88,57000,1
ORD-51526,2026-06-09,HW-004,Engsel Kepala Antiq,Engsel,Gangsa Antik,Perak Saten,Atmobrass Jaya,240.4,13.5,107,47000,4
ORD-51527,2026-06-10,HW-005,Engsel Tombak,Engsel,Gangsa Antik,Emas Berkilat,Atmobrass Jaya,237.1,7.3,174,47000,1
ORD-51527,2026-06-10,HW-013,Roda Troli Kuningan,Roda & Kaki Perabot,Kuningan (Brass),Perak Saten,Atmobrass Jaya,379.3,11.4,33,97000,7
ORD-51528,2026-06-11,HW-012,Roda Troli Alumunium,Roda & Kaki Perabot,Aluminium,Hitam Matte,Atmobrass Jaya,349.2,10.7,56,34000,8
ORD-51528,2026-06-12,HW-006,Handle Arsip Kuningan,Pemegang & Tombol,Kuningan (Brass),Coklat Gelap,Atmobrass Jaya,239.3,12.8,173,36000,4
ORD-51529,2026-06-13,HW-010,Hanger Kapstok,Aksesori & Plat,Besi,Hitam Matte,Atmobrass Jaya,27.9,7.4,50,19000,4
ORD-51530,2026-06-13,HW-004,Engsel Kepala Antiq,Engsel,Gangsa Antik,Emas Berkilat,Atmobrass Jaya,154.1,7.7,169,47000,7
ORD-51530,2026-06-14,HW-004,Engsel Kepala Antiq,Engsel,Gangsa Antik,Emas Matte,Atmobrass Jaya,121.5,14.4,173,47000,1
ORD-51531,2026-06-15,HW-007,Handle Kuningan,Pemegang & Tombol,Kuningan (Brass),Perak Saten,Atmobrass Jaya,214.0,12.7,65,210000,2
ORD-51532,2026-06-16,HW-003,Engsel Jahit,Engsel,Besi,Perak Saten,Modern Hardware,132.7,8.2,136,32000,8
ORD-51533,2026-06-16,HW-011,Kotak Kuningan,Aksesori & Plat,Kuningan (Brass),Emas Matte,Atmobrass Jaya,140.3,5.0,139,48000,2
ORD-51534,2026-06-17,HW-010,Hanger Kapstok,Aksesori & Plat,Besi,Coklat Gelap,Atmobrass Jaya,118.3,5.9,15,19000,10
ORD-51535,2026-06-18,HW-002,Bintang,Aksesori & Plat,Kuningan (Brass),Hitam Matte,Atmobrass Jaya,102.4,8.5,62,25000,2
ORD-51536,2026-06-19,HW-005,Engsel Tombak,Engsel,Gangsa Antik,Perak Saten,Modern Hardware,113.5,11.7,59,47000,5
ORD-51537,2026-06-19,HW-001,Accecoris Katak,Aksesori & Plat,Kuningan (Brass),Emas Matte,Maison Le Forge,58.2,6.8,198,28000,4
ORD-51538,2026-06-20,HW-013,Roda Troli Kuningan,Roda & Kaki Perabot,Kuningan (Brass),Emas Matte,Atmobrass Jaya,251.0,10.4,186,97000,4
ORD-51539,2026-06-21,HW-010,Hanger Kapstok,Aksesori & Plat,Besi,Emas Berkilat,Atmobrass Jaya,90.5,9.0,186,19000,9
ORD-51540,2026-06-22,HW-006,Handle Arsip Kuningan,Pemegang & Tombol,Kuningan (Brass),Coklat Gelap,Maison Le Forge,236.9,11.2,20,36000,1
ORD-51541,2026-06-22,HW-001,Accecoris Katak,Aksesori & Plat,Kuningan (Brass),Emas Berkilat,Atmobrass Jaya,34.6,8.3,35,28000,7
ORD-51542,2026-06-23,HW-002,Bintang,Aksesori & Plat,Kuningan (Brass),Perak Berkilat (Chrome),Maison Le Forge,98.1,9.4,157,25000,3
ORD-51543,2026-06-23,HW-004,Engsel Kepala Antiq,Engsel,Gangsa Antik,Perak Berkilat (Chrome),Atmobrass Jaya,254.0,11.1,187,47000,5
ORD-51543,2026-06-24,HW-001,Accecoris Katak,Aksesori & Plat,Kuningan (Brass),Perak Saten,Atmobrass Jaya,117.1,4.8,73,28000,3
ORD-51544,2026-06-24,HW-009,Handle Peti,Pemegang & Tombol,Kuningan (Brass),Emas Berkilat,Atmobrass Jaya,124.8,13.0,183,90000,10
ORD-51545,2026-06-25,HW-013,Roda Troli Kuningan,Roda & Kaki Perabot,Kuningan (Brass),Perak Saten,Atmobrass Jaya,310.8,9.0,118,97000,3
ORD-51546,2026-06-26,HW-010,Hanger Kapstok,Aksesori & Plat,Besi,Emas Berkilat,Atmobrass Jaya,96.6,4.5,25,19000,9
ORD-51547,2026-06-26,HW-006,Handle Arsip Kuningan,Pemegang & Tombol,Kuningan (Brass),Emas Berkilat,Atmobrass Jaya,86.7,10.0,54,36000,1
ORD-51547,2026-06-27,HW-008,Handle Laci,Pemegang & Tombol,Kuningan (Brass),Hitam Matte,Atmobrass Jaya,160.6,13.4,60,57000,8
ORD-51548,2026-06-28,HW-008,Handle Laci,Pemegang & Tombol,Kuningan (Brass),Emas Matte,Atmobrass Jaya,226.5,12.2,51,57000,3
ORD-51548,2026-06-28,HW-003,Engsel Jahit,Engsel,Besi,Perak Berkilat (Chrome),Atmobrass Jaya,105.4,12.4,56,32000,3
ORD-51548,2026-06-29,HW-013,Roda Troli Kuningan,Roda & Kaki Perabot,Kuningan (Brass),Perak Saten,Atmobrass Jaya,330.2,9.0,157,97000,8
ORD-51549,2026-06-30,HW-010,Hanger Kapstok,Aksesori & Plat,Besi,Hitam Matte,Atmobrass Jaya,41.4,4.4,155,19000,1
ORD-51549,2026-06-30,HW-010,Hanger Kapstok,Aksesori & Plat,Besi,Coklat Gelap,Atmobrass Jaya,102.3,5.8,136,19000,2
ORD-51550,2026-07-01,HW-011,Kotak Kuningan,Aksesori & Plat,Kuningan (Brass),Perak Berkilat (Chrome),Atmobrass Jaya,111.5,7.5,92,48000,5
ORD-51551,2026-07-01,HW-001,Accecoris Katak,Aksesori & Plat,Kuningan (Brass),Perak Saten,Atmobrass Jaya,32.2,5.7,121,28000,1
ORD-51551,2026-07-02,HW-007,Handle Kuningan,Pemegang & Tombol,Kuningan (Brass),Emas Matte,Atmobrass Jaya,102.9,10.7,19,210000,8
ORD-51552,2026-07-03,HW-010,Hanger Kapstok,Aksesori & Plat,Besi,Coklat Gelap,Atmobrass Jaya,113.5,5.2,20,19000,7
ORD-51553,2026-07-04,HW-009,Handle Peti,Pemegang & Tombol,Kuningan (Brass),Emas Berkilat,Atmobrass Jaya,138.6,10.0,46,90000,7
ORD-51554,2026-07-05,HW-006,Handle Arsip Kuningan,Pemegang & Tombol,Kuningan (Brass),Coklat Gelap,Atmobrass Jaya,85.6,13.0,144,36000,3
ORD-51555,2026-07-06,HW-003,Engsel Jahit,Engsel,Besi,Hitam Matte,Maison Le Forge,132.6,12.9,156,32000,4
ORD-51556,2026-07-06,HW-012,Roda Troli Alumunium,Roda & Kaki Perabot,Aluminium,Hitam Matte,Atmobrass Jaya,226.5,10.6,151,34000,5
ORD-51557,2026-07-07,HW-007,Handle Kuningan,Pemegang & Tombol,Kuningan (Brass),Hitam Matte,Maison Le Forge,185.8,10.0,118,210000,9
ORD-51558,2026-07-08,HW-004,Engsel Kepala Antiq,Engsel,Gangsa Antik,Hitam Matte,Atmobrass Jaya,239.1,10.2,185,47000,2
ORD-51559,2026-07-09,HW-007,Handle Kuningan,Pemegang & Tombol,Kuningan (Brass),Hitam Matte,Atmobrass Jaya,266.2,9.4,15,210000,5
ORD-51560,2026-07-09,HW-010,Hanger Kapstok,Aksesori & Plat,Besi,Perak Berkilat (Chrome),Atmobrass Jaya,28.7,5.6,94,19000,7
ORD-51561,2026-07-10,HW-009,Handle Peti,Pemegang & Tombol,Kuningan (Brass),Perak Berkilat (Chrome),Atmobrass Jaya,108.8,9.8,73,90000,3
ORD-51561,2026-07-10,HW-013,Roda Troli Kuningan,Roda & Kaki Perabot,Kuningan (Brass),Perak Berkilat (Chrome),Maison Le Forge,298.0,13.8,198,97000,2
ORD-51562,2026-07-11,HW-005,Engsel Tombak,Engsel,Gangsa Antik,Emas Matte,Atmobrass Jaya,251.3,8.0,125,47000,8
ORD-51562,2026-07-12,HW-002,Bintang,Aksesori & Plat,Kuningan (Brass),Coklat Gelap,Atmobrass Jaya,22.7,6.8,154,25000,3
ORD-51562,2026-07-13,HW-004,Engsel Kepala Antiq,Engsel,Gangsa Antik,Coklat Gelap,Atmobrass Jaya,119.7,14.0,141,47000,2
ORD-51563,2026-07-14,HW-003,Engsel Jahit,Engsel,Besi,Perak Berkilat (Chrome),Atmobrass Jaya,193.8,10.5,85,32000,2
ORD-51564,2026-07-15,HW-012,Roda Troli Alumunium,Roda & Kaki Perabot,Aluminium,Hitam Matte,Atmobrass Jaya,418.4,13.4,175,34000,2
ORD-51565,2026-07-15,HW-008,Handle Laci,Pemegang & Tombol,Kuningan (Brass),Perak Berkilat (Chrome),Atmobrass Jaya,128.2,14.8,17,57000,5
ORD-51566,2026-07-16,HW-005,Engsel Tombak,Engsel,Gangsa Antik,Perak Berkilat (Chrome),Atmobrass Jaya,205.7,11.7,152,47000,4
ORD-51567,2026-07-17,HW-011,Kotak Kuningan,Aksesori & Plat,Kuningan (Brass),Emas Berkilat,Atmobrass Jaya,47.2,6.3,93,48000,7
ORD-51568,2026-07-18,HW-007,Handle Kuningan,Pemegang & Tombol,Kuningan (Brass),Emas Matte,Atmobrass Jaya,276.2,12.3,179,210000,10
ORD-51569,2026-07-19,HW-012,Roda Troli Alumunium,Roda & Kaki Perabot,Aluminium,Perak Saten,Atmobrass Jaya,474.0,12.4,127,34000,1
ORD-51570,2026-07-19,HW-008,Handle Laci,Pemegang & Tombol,Kuningan (Brass),Perak Berkilat (Chrome),Modern Hardware,83.8,11.6,25,57000,6
ORD-51571,2026-07-20,HW-007,Handle Kuningan,Pemegang & Tombol,Kuningan (Brass),Emas Berkilat,Atmobrass Jaya,165.9,9.3,185,210000,9
ORD-51571,2026-07-21,HW-007,Handle Kuningan,Pemegang & Tombol,Kuningan (Brass),Emas Berkilat,Atmobrass Jaya,258.3,12.5,151,210000,3
ORD-51572,2026-07-21,HW-010,Hanger Kapstok,Aksesori & Plat,Besi,Emas Berkilat,Atmobrass Jaya,107.8,8.1,88,19000,2
ORD-51573,2026-07-22,HW-002,Bintang,Aksesori & Plat,Kuningan (Brass),Perak Berkilat (Chrome),Atmobrass Jaya,50.6,5.9,17,25000,8
ORD-51574,2026-07-23,HW-001,Accecoris Katak,Aksesori & Plat,Kuningan (Brass),Hitam Matte,Atmobrass Jaya,35.8,7.8,143,28000,6
ORD-51575,2026-07-24,HW-001,Accecoris Katak,Aksesori & Plat,Kuningan (Brass),Emas Berkilat,Atmobrass Jaya,131.6,6.6,59,28000,6
ORD-51576,2026-07-24,HW-013,Roda Troli Kuningan,Roda & Kaki Perabot,Kuningan (Brass),Coklat Gelap,Maison Le Forge,269.2,8.2,192,97000,9
ORD-51577,2026-07-25,HW-001,Accecoris Katak,Aksesori & Plat,Kuningan (Brass),Coklat Gelap,Atmobrass Jaya,139.9,4.1,125,28000,6
ORD-51578,2026-07-25,HW-006,Handle Arsip Kuningan,Pemegang & Tombol,Kuningan (Brass),Coklat Gelap,Atmobrass Jaya,273.4,9.6,14,36000,10
ORD-51579,2026-07-26,HW-002,Bintang,Aksesori & Plat,Kuningan (Brass),Perak Saten,Atmobrass Jaya,149.4,6.4,186,25000,5
ORD-51579,2026-07-27,HW-002,Bintang,Aksesori & Plat,Kuningan (Brass),Emas Matte,Atmobrass Jaya,111.9,9.6,93,25000,3
ORD-51580,2026-07-27,HW-006,Handle Arsip Kuningan,Pemegang & Tombol,Kuningan (Brass),Emas Matte,Maison Le Forge,94.4,12.3,101,36000,8
ORD-51581,2026-07-28,HW-007,Handle Kuningan,Pemegang & Tombol,Kuningan (Brass),Perak Saten,Atmobrass Jaya,89.4,12.2,11,210000,10
ORD-51582,2026-07-29,HW-003,Engsel Jahit,Engsel,Besi,Perak Berkilat (Chrome),Atmobrass Jaya,146.5,13.8,19,32000,1
ORD-51583,2026-07-29,HW-013,Roda Troli Kuningan,Roda & Kaki Perabot,Kuningan (Brass),Emas Matte,Atmobrass Jaya,321.2,13.9,43,97000,4
ORD-51584,2026-07-30,HW-002,Bintang,Aksesori & Plat,Kuningan (Brass),Emas Berkilat,Atmobrass Jaya,143.4,8.2,49,25000,10
ORD-51585,2026-07-31,HW-012,Roda Troli Alumunium,Roda & Kaki Perabot,Aluminium,Coklat Gelap,Atmobrass Jaya,410.9,12.4,101,34000,10
